
2025-05-27 14:03:17
[ERROR]-[Thread: main]-[com.alibaba.druid.pool.DruidDataSource.init()]: {dataSource-1} init error
java.sql.SQLException: dm.jdbc.driver.DmDriver
	at com.alibaba.druid.util.JdbcUtils.createDriver(JdbcUtils.java:570)
	at com.alibaba.druid.pool.DruidDataSource.init(DruidDataSource.java:697)
	at com.alibaba.druid.pool.DruidDataSource.getConnection(DruidDataSource.java:1060)
	at com.alibaba.druid.pool.DruidDataSource.getConnection(DruidDataSource.java:1056)
	at com.alibaba.druid.pool.DruidDataSource.getConnection(DruidDataSource.java:104)
	at com.jfinal.plugin.activerecord.TableBuilder.build(TableBuilder.java:51)
	at com.jfinal.plugin.activerecord.ActiveRecordPlugin.start(ActiveRecordPlugin.java:228)
	at com.jfinal.core.Config.startPlugins(Config.java:128)
	at com.jfinal.core.Config.configPluginWithOrder(Config.java:71)
	at com.jfinal.core.Config.configJFinal(Config.java:59)
	at com.jfinal.core.JFinal.init(JFinal.java:61)
	at com.jfinal.core.JFinalFilter.init(JFinalFilter.java:64)
	at io.undertow.servlet.core.LifecyleInterceptorInvocation.proceed(LifecyleInterceptorInvocation.java:111)
	at io.undertow.servlet.core.ManagedFilter.createFilter(ManagedFilter.java:80)
	at io.undertow.servlet.core.DeploymentManagerImpl$2.call(DeploymentManagerImpl.java:594)
	at io.undertow.servlet.core.DeploymentManagerImpl$2.call(DeploymentManagerImpl.java:559)
	at io.undertow.servlet.core.ServletRequestContextThreadSetupAction$1.call(ServletRequestContextThreadSetupAction.java:42)
	at io.undertow.servlet.core.ContextClassLoaderSetupAction$1.call(ContextClassLoaderSetupAction.java:43)
	at io.undertow.servlet.core.DeploymentManagerImpl.start(DeploymentManagerImpl.java:601)
	at com.jfinal.server.undertow.UndertowServer.configHttp(UndertowServer.java:287)
	at com.jfinal.server.undertow.UndertowServer.doStart(UndertowServer.java:265)
	at com.jfinal.server.undertow.UndertowServer.start(UndertowServer.java:158)
	at com.jfinal.server.undertow.UndertowServer.start(UndertowServer.java:83)
	at com.xlerp.common.DemoConfig.main(DemoConfig.java:36)
Caused by: java.lang.ClassNotFoundException: dm.jdbc.driver.DmDriver
	at java.base/jdk.internal.loader.BuiltinClassLoader.loadClass(BuiltinClassLoader.java:641)
	at java.base/jdk.internal.loader.ClassLoaders$AppClassLoader.loadClass(ClassLoaders.java:188)
	at java.base/java.lang.ClassLoader.loadClass(ClassLoader.java:520)
	at java.base/java.lang.Class.forName0(Native Method)
	at java.base/java.lang.Class.forName(Class.java:375)
	at com.alibaba.druid.util.JdbcUtils.createDriver(JdbcUtils.java:568)
	... 23 more

2025-05-27 14:03:17
[ERROR]-[Thread: main]-[com.jfinal.core.Config.startPlugins()]: Plugin start error: com.jfinal.plugin.activerecord.ActiveRecordPlugin. 
java.sql.SQLException: dm.jdbc.driver.DmDriver
com.jfinal.plugin.activerecord.ActiveRecordException: java.sql.SQLException: dm.jdbc.driver.DmDriver
	at com.jfinal.plugin.activerecord.TableBuilder.build(TableBuilder.java:63)
	at com.jfinal.plugin.activerecord.ActiveRecordPlugin.start(ActiveRecordPlugin.java:228)
	at com.jfinal.core.Config.startPlugins(Config.java:128)
	at com.jfinal.core.Config.configPluginWithOrder(Config.java:71)
	at com.jfinal.core.Config.configJFinal(Config.java:59)
	at com.jfinal.core.JFinal.init(JFinal.java:61)
	at com.jfinal.core.JFinalFilter.init(JFinalFilter.java:64)
	at io.undertow.servlet.core.LifecyleInterceptorInvocation.proceed(LifecyleInterceptorInvocation.java:111)
	at io.undertow.servlet.core.ManagedFilter.createFilter(ManagedFilter.java:80)
	at io.undertow.servlet.core.DeploymentManagerImpl$2.call(DeploymentManagerImpl.java:594)
	at io.undertow.servlet.core.DeploymentManagerImpl$2.call(DeploymentManagerImpl.java:559)
	at io.undertow.servlet.core.ServletRequestContextThreadSetupAction$1.call(ServletRequestContextThreadSetupAction.java:42)
	at io.undertow.servlet.core.ContextClassLoaderSetupAction$1.call(ContextClassLoaderSetupAction.java:43)
	at io.undertow.servlet.core.DeploymentManagerImpl.start(DeploymentManagerImpl.java:601)
	at com.jfinal.server.undertow.UndertowServer.configHttp(UndertowServer.java:287)
	at com.jfinal.server.undertow.UndertowServer.doStart(UndertowServer.java:265)
	at com.jfinal.server.undertow.UndertowServer.start(UndertowServer.java:158)
	at com.jfinal.server.undertow.UndertowServer.start(UndertowServer.java:83)
	at com.xlerp.common.DemoConfig.main(DemoConfig.java:36)
Caused by: java.sql.SQLException: dm.jdbc.driver.DmDriver
	at com.alibaba.druid.util.JdbcUtils.createDriver(JdbcUtils.java:570)
	at com.alibaba.druid.pool.DruidDataSource.init(DruidDataSource.java:697)
	at com.alibaba.druid.pool.DruidDataSource.getConnection(DruidDataSource.java:1060)
	at com.alibaba.druid.pool.DruidDataSource.getConnection(DruidDataSource.java:1056)
	at com.alibaba.druid.pool.DruidDataSource.getConnection(DruidDataSource.java:104)
	at com.jfinal.plugin.activerecord.TableBuilder.build(TableBuilder.java:51)
	... 18 more
Caused by: java.lang.ClassNotFoundException: dm.jdbc.driver.DmDriver
	at java.base/jdk.internal.loader.BuiltinClassLoader.loadClass(BuiltinClassLoader.java:641)
	at java.base/jdk.internal.loader.ClassLoaders$AppClassLoader.loadClass(ClassLoaders.java:188)
	at java.base/java.lang.ClassLoader.loadClass(ClassLoader.java:520)
	at java.base/java.lang.Class.forName0(Native Method)
	at java.base/java.lang.Class.forName(Class.java:375)
	at com.alibaba.druid.util.JdbcUtils.createDriver(JdbcUtils.java:568)
	... 23 more

2025-05-27 14:04:13
[ERROR]-[Thread: main]-[com.jfinal.core.Config.startPlugins()]: Plugin start error: com.jfinal.plugin.activerecord.ActiveRecordPlugin. 
dm.jdbc.driver.DMException: 第 1 行, 第 24 列[`]附近出现错误: 
语法分析出错
com.jfinal.plugin.activerecord.ActiveRecordException: dm.jdbc.driver.DMException: 第 1 行, 第 24 列[`]附近出现错误: 
语法分析出错
	at com.jfinal.plugin.activerecord.TableBuilder.build(TableBuilder.java:63)
	at com.jfinal.plugin.activerecord.ActiveRecordPlugin.start(ActiveRecordPlugin.java:228)
	at com.jfinal.core.Config.startPlugins(Config.java:128)
	at com.jfinal.core.Config.configPluginWithOrder(Config.java:71)
	at com.jfinal.core.Config.configJFinal(Config.java:59)
	at com.jfinal.core.JFinal.init(JFinal.java:61)
	at com.jfinal.core.JFinalFilter.init(JFinalFilter.java:64)
	at io.undertow.servlet.core.LifecyleInterceptorInvocation.proceed(LifecyleInterceptorInvocation.java:111)
	at io.undertow.servlet.core.ManagedFilter.createFilter(ManagedFilter.java:80)
	at io.undertow.servlet.core.DeploymentManagerImpl$2.call(DeploymentManagerImpl.java:594)
	at io.undertow.servlet.core.DeploymentManagerImpl$2.call(DeploymentManagerImpl.java:559)
	at io.undertow.servlet.core.ServletRequestContextThreadSetupAction$1.call(ServletRequestContextThreadSetupAction.java:42)
	at io.undertow.servlet.core.ContextClassLoaderSetupAction$1.call(ContextClassLoaderSetupAction.java:43)
	at io.undertow.servlet.core.DeploymentManagerImpl.start(DeploymentManagerImpl.java:601)
	at com.jfinal.server.undertow.UndertowServer.configHttp(UndertowServer.java:287)
	at com.jfinal.server.undertow.UndertowServer.doStart(UndertowServer.java:265)
	at com.jfinal.server.undertow.UndertowServer.start(UndertowServer.java:158)
	at com.jfinal.server.undertow.UndertowServer.start(UndertowServer.java:83)
	at com.xlerp.common.DemoConfig.main(DemoConfig.java:36)
Caused by: dm.jdbc.driver.DMException: 第 1 行, 第 24 列[`]附近出现错误: 
语法分析出错
	at dm.jdbc.driver.DBError.throwException(SourceFile:744)
	at dm.jdbc.a.a.y.r(SourceFile:623)
	at dm.jdbc.a.a.f.r(SourceFile:138)
	at dm.jdbc.a.a.y.z(SourceFile:555)
	at dm.jdbc.a.a.y.L(SourceFile:536)
	at dm.jdbc.a.a.a(SourceFile:267)
	at dm.jdbc.a.a.a(SourceFile:802)
	at dm.jdbc.driver.DmdbStatement.executeInner(SourceFile:771)
	at dm.jdbc.driver.DmdbStatement.do_executeQuery(SourceFile:226)
	at dm.jdbc.driver.DmdbStatement.executeQuery(SourceFile:1125)
	at com.alibaba.druid.filter.FilterChainImpl.statement_executeQuery(FilterChainImpl.java:2363)
	at com.alibaba.druid.filter.FilterAdapter.statement_executeQuery(FilterAdapter.java:2481)
	at com.alibaba.druid.filter.FilterChainImpl.statement_executeQuery(FilterChainImpl.java:2360)
	at com.alibaba.druid.proxy.jdbc.StatementProxyImpl.executeQuery(StatementProxyImpl.java:211)
	at com.alibaba.druid.pool.DruidPooledStatement.executeQuery(DruidPooledStatement.java:140)
	at com.jfinal.plugin.activerecord.TableBuilder.doBuild(TableBuilder.java:79)
	at com.jfinal.plugin.activerecord.TableBuilder.build(TableBuilder.java:55)
	... 18 more

2025-05-27 14:59:52
[ERROR]-[Thread: main]-[com.jfinal.core.Config.startPlugins()]: Plugin start error: com.jfinal.plugin.activerecord.ActiveRecordPlugin. 
dm.jdbc.driver.DMException: 第 1 行, 第 24 列[`]附近出现错误: 
语法分析出错
com.jfinal.plugin.activerecord.ActiveRecordException: dm.jdbc.driver.DMException: 第 1 行, 第 24 列[`]附近出现错误: 
语法分析出错
	at com.jfinal.plugin.activerecord.TableBuilder.build(TableBuilder.java:63)
	at com.jfinal.plugin.activerecord.ActiveRecordPlugin.start(ActiveRecordPlugin.java:228)
	at com.jfinal.core.Config.startPlugins(Config.java:128)
	at com.jfinal.core.Config.configPluginWithOrder(Config.java:71)
	at com.jfinal.core.Config.configJFinal(Config.java:59)
	at com.jfinal.core.JFinal.init(JFinal.java:61)
	at com.jfinal.core.JFinalFilter.init(JFinalFilter.java:64)
	at io.undertow.servlet.core.LifecyleInterceptorInvocation.proceed(LifecyleInterceptorInvocation.java:111)
	at io.undertow.servlet.core.ManagedFilter.createFilter(ManagedFilter.java:80)
	at io.undertow.servlet.core.DeploymentManagerImpl$2.call(DeploymentManagerImpl.java:594)
	at io.undertow.servlet.core.DeploymentManagerImpl$2.call(DeploymentManagerImpl.java:559)
	at io.undertow.servlet.core.ServletRequestContextThreadSetupAction$1.call(ServletRequestContextThreadSetupAction.java:42)
	at io.undertow.servlet.core.ContextClassLoaderSetupAction$1.call(ContextClassLoaderSetupAction.java:43)
	at io.undertow.servlet.core.DeploymentManagerImpl.start(DeploymentManagerImpl.java:601)
	at com.jfinal.server.undertow.UndertowServer.configHttp(UndertowServer.java:287)
	at com.jfinal.server.undertow.UndertowServer.doStart(UndertowServer.java:265)
	at com.jfinal.server.undertow.UndertowServer.start(UndertowServer.java:158)
	at com.jfinal.server.undertow.UndertowServer.start(UndertowServer.java:83)
	at com.xlerp.common.DemoConfig.main(DemoConfig.java:36)
Caused by: dm.jdbc.driver.DMException: 第 1 行, 第 24 列[`]附近出现错误: 
语法分析出错
	at dm.jdbc.driver.DBError.throwException(SourceFile:744)
	at dm.jdbc.a.a.y.r(SourceFile:623)
	at dm.jdbc.a.a.f.r(SourceFile:138)
	at dm.jdbc.a.a.y.z(SourceFile:555)
	at dm.jdbc.a.a.y.L(SourceFile:536)
	at dm.jdbc.a.a.a(SourceFile:267)
	at dm.jdbc.a.a.a(SourceFile:802)
	at dm.jdbc.driver.DmdbStatement.executeInner(SourceFile:771)
	at dm.jdbc.driver.DmdbStatement.do_executeQuery(SourceFile:226)
	at dm.jdbc.driver.DmdbStatement.executeQuery(SourceFile:1125)
	at com.alibaba.druid.filter.FilterChainImpl.statement_executeQuery(FilterChainImpl.java:2363)
	at com.alibaba.druid.filter.FilterAdapter.statement_executeQuery(FilterAdapter.java:2481)
	at com.alibaba.druid.filter.FilterChainImpl.statement_executeQuery(FilterChainImpl.java:2360)
	at com.alibaba.druid.proxy.jdbc.StatementProxyImpl.executeQuery(StatementProxyImpl.java:211)
	at com.alibaba.druid.pool.DruidPooledStatement.executeQuery(DruidPooledStatement.java:140)
	at com.jfinal.plugin.activerecord.TableBuilder.doBuild(TableBuilder.java:79)
	at com.jfinal.plugin.activerecord.TableBuilder.build(TableBuilder.java:55)
	... 18 more

2025-05-27 15:00:25
[ERROR]-[Thread: main]-[com.jfinal.core.Config.startPlugins()]: Plugin start error: com.jfinal.plugin.activerecord.ActiveRecordPlugin. 
dm.jdbc.driver.DMException: 第 1 行, 第 24 列[`]附近出现错误: 
语法分析出错
com.jfinal.plugin.activerecord.ActiveRecordException: dm.jdbc.driver.DMException: 第 1 行, 第 24 列[`]附近出现错误: 
语法分析出错
	at com.jfinal.plugin.activerecord.TableBuilder.build(TableBuilder.java:63)
	at com.jfinal.plugin.activerecord.ActiveRecordPlugin.start(ActiveRecordPlugin.java:228)
	at com.jfinal.core.Config.startPlugins(Config.java:128)
	at com.jfinal.core.Config.configPluginWithOrder(Config.java:71)
	at com.jfinal.core.Config.configJFinal(Config.java:59)
	at com.jfinal.core.JFinal.init(JFinal.java:61)
	at com.jfinal.core.JFinalFilter.init(JFinalFilter.java:64)
	at io.undertow.servlet.core.LifecyleInterceptorInvocation.proceed(LifecyleInterceptorInvocation.java:111)
	at io.undertow.servlet.core.ManagedFilter.createFilter(ManagedFilter.java:80)
	at io.undertow.servlet.core.DeploymentManagerImpl$2.call(DeploymentManagerImpl.java:594)
	at io.undertow.servlet.core.DeploymentManagerImpl$2.call(DeploymentManagerImpl.java:559)
	at io.undertow.servlet.core.ServletRequestContextThreadSetupAction$1.call(ServletRequestContextThreadSetupAction.java:42)
	at io.undertow.servlet.core.ContextClassLoaderSetupAction$1.call(ContextClassLoaderSetupAction.java:43)
	at io.undertow.servlet.core.DeploymentManagerImpl.start(DeploymentManagerImpl.java:601)
	at com.jfinal.server.undertow.UndertowServer.configHttp(UndertowServer.java:287)
	at com.jfinal.server.undertow.UndertowServer.doStart(UndertowServer.java:265)
	at com.jfinal.server.undertow.UndertowServer.start(UndertowServer.java:158)
	at com.jfinal.server.undertow.UndertowServer.start(UndertowServer.java:83)
	at com.xlerp.common.DemoConfig.main(DemoConfig.java:36)
Caused by: dm.jdbc.driver.DMException: 第 1 行, 第 24 列[`]附近出现错误: 
语法分析出错
	at dm.jdbc.driver.DBError.throwException(SourceFile:744)
	at dm.jdbc.a.a.y.r(SourceFile:623)
	at dm.jdbc.a.a.f.r(SourceFile:138)
	at dm.jdbc.a.a.y.z(SourceFile:555)
	at dm.jdbc.a.a.y.L(SourceFile:536)
	at dm.jdbc.a.a.a(SourceFile:267)
	at dm.jdbc.a.a.a(SourceFile:802)
	at dm.jdbc.driver.DmdbStatement.executeInner(SourceFile:771)
	at dm.jdbc.driver.DmdbStatement.do_executeQuery(SourceFile:226)
	at dm.jdbc.driver.DmdbStatement.executeQuery(SourceFile:1125)
	at com.alibaba.druid.filter.FilterChainImpl.statement_executeQuery(FilterChainImpl.java:2363)
	at com.alibaba.druid.filter.FilterAdapter.statement_executeQuery(FilterAdapter.java:2481)
	at com.alibaba.druid.filter.FilterChainImpl.statement_executeQuery(FilterChainImpl.java:2360)
	at com.alibaba.druid.proxy.jdbc.StatementProxyImpl.executeQuery(StatementProxyImpl.java:211)
	at com.alibaba.druid.pool.DruidPooledStatement.executeQuery(DruidPooledStatement.java:140)
	at com.jfinal.plugin.activerecord.TableBuilder.doBuild(TableBuilder.java:79)
	at com.jfinal.plugin.activerecord.TableBuilder.build(TableBuilder.java:55)
	... 18 more

2025-07-02 23:58:26
[ERROR]-[Thread: main]-[com.alibaba.druid.pool.DruidDataSource.init()]: init datasource error, url: jdbc:dm://192.168.1.6:5236/XLQCERP
dm.jdbc.driver.DMException: 网络通信异常
	at dm.jdbc.driver.DBError.throwException(SourceFile:807)
	at dm.jdbc.a.a.init(SourceFile:207)
	at dm.jdbc.a.a.<init>(SourceFile:174)
	at dm.jdbc.driver.DmdbConnection.openConnection(SourceFile:693)
	at dm.jdbc.internal.conf.EP.connect(SourceFile:143)
	at dm.jdbc.internal.conf.EPGroup$EPSelector.select(SourceFile:501)
	at dm.jdbc.internal.conf.EPGroup.connect(SourceFile:345)
	at dm.jdbc.driver.DmDriver.do_connect(SourceFile:164)
	at dm.jdbc.driver.DmDriver.connect(SourceFile:450)
	at com.alibaba.druid.pool.DruidAbstractDataSource.createPhysicalConnection(DruidAbstractDataSource.java:1461)
	at com.alibaba.druid.pool.DruidAbstractDataSource.createPhysicalConnection(DruidAbstractDataSource.java:1525)
	at com.alibaba.druid.pool.DruidDataSource.init(DruidDataSource.java:734)
	at com.alibaba.druid.pool.DruidDataSource.getConnection(DruidDataSource.java:1060)
	at com.alibaba.druid.pool.DruidDataSource.getConnection(DruidDataSource.java:1056)
	at com.alibaba.druid.pool.DruidDataSource.getConnection(DruidDataSource.java:104)
	at com.jfinal.plugin.activerecord.generator.MetaBuilder.build(MetaBuilder.java:146)
	at com.jfinal.plugin.activerecord.generator.Generator.generate(Generator.java:345)
	at com.xlerp.common.model._JFinalDemoGenerator.main(_JFinalDemoGenerator.java:87)
Caused by: java.net.SocketTimeoutException: Connect timed out
	at java.base/sun.nio.ch.NioSocketImpl.timedFinishConnect(NioSocketImpl.java:546)
	at java.base/sun.nio.ch.NioSocketImpl.connect(NioSocketImpl.java:597)
	at java.base/java.net.SocksSocketImpl.connect(SocksSocketImpl.java:327)
	at java.base/java.net.Socket.connect(Socket.java:633)
	at dm.jdbc.a.c.d(SourceFile:110)
	at dm.jdbc.a.c.b(SourceFile:68)
	at dm.jdbc.a.c.g(SourceFile:1)
	at dm.jdbc.a.a.init(SourceFile:201)
	... 16 more

2025-07-02 23:58:26
[ERROR]-[Thread: main]-[com.alibaba.druid.pool.DruidDataSource.init()]: {dataSource-1} init error
dm.jdbc.driver.DMException: 网络通信异常
	at dm.jdbc.driver.DBError.throwException(SourceFile:807)
	at dm.jdbc.a.a.init(SourceFile:207)
	at dm.jdbc.a.a.<init>(SourceFile:174)
	at dm.jdbc.driver.DmdbConnection.openConnection(SourceFile:693)
	at dm.jdbc.internal.conf.EP.connect(SourceFile:143)
	at dm.jdbc.internal.conf.EPGroup$EPSelector.select(SourceFile:501)
	at dm.jdbc.internal.conf.EPGroup.connect(SourceFile:345)
	at dm.jdbc.driver.DmDriver.do_connect(SourceFile:164)
	at dm.jdbc.driver.DmDriver.connect(SourceFile:450)
	at com.alibaba.druid.pool.DruidAbstractDataSource.createPhysicalConnection(DruidAbstractDataSource.java:1461)
	at com.alibaba.druid.pool.DruidAbstractDataSource.createPhysicalConnection(DruidAbstractDataSource.java:1525)
	at com.alibaba.druid.pool.DruidDataSource.init(DruidDataSource.java:734)
	at com.alibaba.druid.pool.DruidDataSource.getConnection(DruidDataSource.java:1060)
	at com.alibaba.druid.pool.DruidDataSource.getConnection(DruidDataSource.java:1056)
	at com.alibaba.druid.pool.DruidDataSource.getConnection(DruidDataSource.java:104)
	at com.jfinal.plugin.activerecord.generator.MetaBuilder.build(MetaBuilder.java:146)
	at com.jfinal.plugin.activerecord.generator.Generator.generate(Generator.java:345)
	at com.xlerp.common.model._JFinalDemoGenerator.main(_JFinalDemoGenerator.java:87)
Caused by: java.net.SocketTimeoutException: Connect timed out
	at java.base/sun.nio.ch.NioSocketImpl.timedFinishConnect(NioSocketImpl.java:546)
	at java.base/sun.nio.ch.NioSocketImpl.connect(NioSocketImpl.java:597)
	at java.base/java.net.SocksSocketImpl.connect(SocksSocketImpl.java:327)
	at java.base/java.net.Socket.connect(Socket.java:633)
	at dm.jdbc.a.c.d(SourceFile:110)
	at dm.jdbc.a.c.b(SourceFile:68)
	at dm.jdbc.a.c.g(SourceFile:1)
	at dm.jdbc.a.a.init(SourceFile:201)
	... 16 more

2025-07-02 23:58:29
[ERROR]-[Thread: HotSwapWatcher]-[com.alibaba.druid.pool.DruidDataSource.init()]: init datasource error, url: jdbc:dm://192.168.1.6:5236/XLQCERP
dm.jdbc.driver.DMException: 网络通信异常
	at dm.jdbc.driver.DBError.throwException(SourceFile:807)
	at dm.jdbc.a.a.init(SourceFile:207)
	at dm.jdbc.a.a.<init>(SourceFile:174)
	at dm.jdbc.driver.DmdbConnection.openConnection(SourceFile:693)
	at dm.jdbc.internal.conf.EP.connect(SourceFile:143)
	at dm.jdbc.internal.conf.EPGroup$EPSelector.select(SourceFile:501)
	at dm.jdbc.internal.conf.EPGroup.connect(SourceFile:345)
	at dm.jdbc.driver.DmDriver.do_connect(SourceFile:164)
	at dm.jdbc.driver.DmDriver.connect(SourceFile:450)
	at com.alibaba.druid.filter.FilterChainImpl.connection_connect(FilterChainImpl.java:148)
	at com.alibaba.druid.filter.FilterAdapter.connection_connect(FilterAdapter.java:785)
	at com.alibaba.druid.filter.FilterChainImpl.connection_connect(FilterChainImpl.java:142)
	at com.alibaba.druid.pool.DruidAbstractDataSource.createPhysicalConnection(DruidAbstractDataSource.java:1463)
	at com.alibaba.druid.pool.DruidAbstractDataSource.createPhysicalConnection(DruidAbstractDataSource.java:1525)
	at com.alibaba.druid.pool.DruidDataSource.init(DruidDataSource.java:734)
	at com.alibaba.druid.pool.DruidDataSource.getConnection(DruidDataSource.java:1060)
	at com.alibaba.druid.pool.DruidDataSource.getConnection(DruidDataSource.java:1056)
	at com.alibaba.druid.pool.DruidDataSource.getConnection(DruidDataSource.java:104)
	at com.jfinal.plugin.activerecord.TableBuilder.build(TableBuilder.java:51)
	at com.jfinal.plugin.activerecord.ActiveRecordPlugin.start(ActiveRecordPlugin.java:228)
	at com.jfinal.core.Config.startPlugins(Config.java:128)
	at com.jfinal.core.Config.configPluginWithOrder(Config.java:71)
	at com.jfinal.core.Config.configJFinal(Config.java:59)
	at com.jfinal.core.JFinal.init(JFinal.java:61)
	at com.jfinal.core.JFinalFilter.init(JFinalFilter.java:64)
	at io.undertow.servlet.core.LifecyleInterceptorInvocation.proceed(LifecyleInterceptorInvocation.java:111)
	at io.undertow.servlet.core.ManagedFilter.createFilter(ManagedFilter.java:80)
	at io.undertow.servlet.core.DeploymentManagerImpl$2.call(DeploymentManagerImpl.java:594)
	at io.undertow.servlet.core.DeploymentManagerImpl$2.call(DeploymentManagerImpl.java:559)
	at io.undertow.servlet.core.ServletRequestContextThreadSetupAction$1.call(ServletRequestContextThreadSetupAction.java:42)
	at io.undertow.servlet.core.ContextClassLoaderSetupAction$1.call(ContextClassLoaderSetupAction.java:43)
	at io.undertow.servlet.core.DeploymentManagerImpl.start(DeploymentManagerImpl.java:601)
	at com.jfinal.server.undertow.UndertowServer.configHttp(UndertowServer.java:287)
	at com.jfinal.server.undertow.UndertowServer.doStart(UndertowServer.java:265)
	at com.jfinal.server.undertow.UndertowServer.restart(UndertowServer.java:436)
	at com.jfinal.server.undertow.hotswap.HotSwapWatcher.doRun(HotSwapWatcher.java:134)
	at com.jfinal.server.undertow.hotswap.HotSwapWatcher.run(HotSwapWatcher.java:91)
Caused by: java.net.SocketTimeoutException: Connect timed out
	at java.base/sun.nio.ch.NioSocketImpl.timedFinishConnect(NioSocketImpl.java:546)
	at java.base/sun.nio.ch.NioSocketImpl.connect(NioSocketImpl.java:597)
	at java.base/java.net.SocksSocketImpl.connect(SocksSocketImpl.java:327)
	at java.base/java.net.Socket.connect(Socket.java:633)
	at dm.jdbc.a.c.d(SourceFile:110)
	at dm.jdbc.a.c.b(SourceFile:68)
	at dm.jdbc.a.c.g(SourceFile:1)
	at dm.jdbc.a.a.init(SourceFile:201)
	... 35 more

2025-07-02 23:58:29
[ERROR]-[Thread: HotSwapWatcher]-[com.alibaba.druid.pool.DruidDataSource.init()]: {dataSource-2} init error
dm.jdbc.driver.DMException: 网络通信异常
	at dm.jdbc.driver.DBError.throwException(SourceFile:807)
	at dm.jdbc.a.a.init(SourceFile:207)
	at dm.jdbc.a.a.<init>(SourceFile:174)
	at dm.jdbc.driver.DmdbConnection.openConnection(SourceFile:693)
	at dm.jdbc.internal.conf.EP.connect(SourceFile:143)
	at dm.jdbc.internal.conf.EPGroup$EPSelector.select(SourceFile:501)
	at dm.jdbc.internal.conf.EPGroup.connect(SourceFile:345)
	at dm.jdbc.driver.DmDriver.do_connect(SourceFile:164)
	at dm.jdbc.driver.DmDriver.connect(SourceFile:450)
	at com.alibaba.druid.filter.FilterChainImpl.connection_connect(FilterChainImpl.java:148)
	at com.alibaba.druid.filter.FilterAdapter.connection_connect(FilterAdapter.java:785)
	at com.alibaba.druid.filter.FilterChainImpl.connection_connect(FilterChainImpl.java:142)
	at com.alibaba.druid.pool.DruidAbstractDataSource.createPhysicalConnection(DruidAbstractDataSource.java:1463)
	at com.alibaba.druid.pool.DruidAbstractDataSource.createPhysicalConnection(DruidAbstractDataSource.java:1525)
	at com.alibaba.druid.pool.DruidDataSource.init(DruidDataSource.java:734)
	at com.alibaba.druid.pool.DruidDataSource.getConnection(DruidDataSource.java:1060)
	at com.alibaba.druid.pool.DruidDataSource.getConnection(DruidDataSource.java:1056)
	at com.alibaba.druid.pool.DruidDataSource.getConnection(DruidDataSource.java:104)
	at com.jfinal.plugin.activerecord.TableBuilder.build(TableBuilder.java:51)
	at com.jfinal.plugin.activerecord.ActiveRecordPlugin.start(ActiveRecordPlugin.java:228)
	at com.jfinal.core.Config.startPlugins(Config.java:128)
	at com.jfinal.core.Config.configPluginWithOrder(Config.java:71)
	at com.jfinal.core.Config.configJFinal(Config.java:59)
	at com.jfinal.core.JFinal.init(JFinal.java:61)
	at com.jfinal.core.JFinalFilter.init(JFinalFilter.java:64)
	at io.undertow.servlet.core.LifecyleInterceptorInvocation.proceed(LifecyleInterceptorInvocation.java:111)
	at io.undertow.servlet.core.ManagedFilter.createFilter(ManagedFilter.java:80)
	at io.undertow.servlet.core.DeploymentManagerImpl$2.call(DeploymentManagerImpl.java:594)
	at io.undertow.servlet.core.DeploymentManagerImpl$2.call(DeploymentManagerImpl.java:559)
	at io.undertow.servlet.core.ServletRequestContextThreadSetupAction$1.call(ServletRequestContextThreadSetupAction.java:42)
	at io.undertow.servlet.core.ContextClassLoaderSetupAction$1.call(ContextClassLoaderSetupAction.java:43)
	at io.undertow.servlet.core.DeploymentManagerImpl.start(DeploymentManagerImpl.java:601)
	at com.jfinal.server.undertow.UndertowServer.configHttp(UndertowServer.java:287)
	at com.jfinal.server.undertow.UndertowServer.doStart(UndertowServer.java:265)
	at com.jfinal.server.undertow.UndertowServer.restart(UndertowServer.java:436)
	at com.jfinal.server.undertow.hotswap.HotSwapWatcher.doRun(HotSwapWatcher.java:134)
	at com.jfinal.server.undertow.hotswap.HotSwapWatcher.run(HotSwapWatcher.java:91)
Caused by: java.net.SocketTimeoutException: Connect timed out
	at java.base/sun.nio.ch.NioSocketImpl.timedFinishConnect(NioSocketImpl.java:546)
	at java.base/sun.nio.ch.NioSocketImpl.connect(NioSocketImpl.java:597)
	at java.base/java.net.SocksSocketImpl.connect(SocksSocketImpl.java:327)
	at java.base/java.net.Socket.connect(Socket.java:633)
	at dm.jdbc.a.c.d(SourceFile:110)
	at dm.jdbc.a.c.b(SourceFile:68)
	at dm.jdbc.a.c.g(SourceFile:1)
	at dm.jdbc.a.a.init(SourceFile:201)
	... 35 more

2025-07-02 23:58:29
[ERROR]-[Thread: HotSwapWatcher]-[com.jfinal.core.Config.startPlugins()]: Plugin start error: com.jfinal.plugin.activerecord.ActiveRecordPlugin. 
dm.jdbc.driver.DMException: 网络通信异常
com.jfinal.plugin.activerecord.ActiveRecordException: dm.jdbc.driver.DMException: 网络通信异常
	at com.jfinal.plugin.activerecord.TableBuilder.build(TableBuilder.java:63)
	at com.jfinal.plugin.activerecord.ActiveRecordPlugin.start(ActiveRecordPlugin.java:228)
	at com.jfinal.core.Config.startPlugins(Config.java:128)
	at com.jfinal.core.Config.configPluginWithOrder(Config.java:71)
	at com.jfinal.core.Config.configJFinal(Config.java:59)
	at com.jfinal.core.JFinal.init(JFinal.java:61)
	at com.jfinal.core.JFinalFilter.init(JFinalFilter.java:64)
	at io.undertow.servlet.core.LifecyleInterceptorInvocation.proceed(LifecyleInterceptorInvocation.java:111)
	at io.undertow.servlet.core.ManagedFilter.createFilter(ManagedFilter.java:80)
	at io.undertow.servlet.core.DeploymentManagerImpl$2.call(DeploymentManagerImpl.java:594)
	at io.undertow.servlet.core.DeploymentManagerImpl$2.call(DeploymentManagerImpl.java:559)
	at io.undertow.servlet.core.ServletRequestContextThreadSetupAction$1.call(ServletRequestContextThreadSetupAction.java:42)
	at io.undertow.servlet.core.ContextClassLoaderSetupAction$1.call(ContextClassLoaderSetupAction.java:43)
	at io.undertow.servlet.core.DeploymentManagerImpl.start(DeploymentManagerImpl.java:601)
	at com.jfinal.server.undertow.UndertowServer.configHttp(UndertowServer.java:287)
	at com.jfinal.server.undertow.UndertowServer.doStart(UndertowServer.java:265)
	at com.jfinal.server.undertow.UndertowServer.restart(UndertowServer.java:436)
	at com.jfinal.server.undertow.hotswap.HotSwapWatcher.doRun(HotSwapWatcher.java:134)
	at com.jfinal.server.undertow.hotswap.HotSwapWatcher.run(HotSwapWatcher.java:91)
Caused by: dm.jdbc.driver.DMException: 网络通信异常
	at dm.jdbc.driver.DBError.throwException(SourceFile:807)
	at dm.jdbc.a.a.init(SourceFile:207)
	at dm.jdbc.a.a.<init>(SourceFile:174)
	at dm.jdbc.driver.DmdbConnection.openConnection(SourceFile:693)
	at dm.jdbc.internal.conf.EP.connect(SourceFile:143)
	at dm.jdbc.internal.conf.EPGroup$EPSelector.select(SourceFile:501)
	at dm.jdbc.internal.conf.EPGroup.connect(SourceFile:345)
	at dm.jdbc.driver.DmDriver.do_connect(SourceFile:164)
	at dm.jdbc.driver.DmDriver.connect(SourceFile:450)
	at com.alibaba.druid.filter.FilterChainImpl.connection_connect(FilterChainImpl.java:148)
	at com.alibaba.druid.filter.FilterAdapter.connection_connect(FilterAdapter.java:785)
	at com.alibaba.druid.filter.FilterChainImpl.connection_connect(FilterChainImpl.java:142)
	at com.alibaba.druid.pool.DruidAbstractDataSource.createPhysicalConnection(DruidAbstractDataSource.java:1463)
	at com.alibaba.druid.pool.DruidAbstractDataSource.createPhysicalConnection(DruidAbstractDataSource.java:1525)
	at com.alibaba.druid.pool.DruidDataSource.init(DruidDataSource.java:734)
	at com.alibaba.druid.pool.DruidDataSource.getConnection(DruidDataSource.java:1060)
	at com.alibaba.druid.pool.DruidDataSource.getConnection(DruidDataSource.java:1056)
	at com.alibaba.druid.pool.DruidDataSource.getConnection(DruidDataSource.java:104)
	at com.jfinal.plugin.activerecord.TableBuilder.build(TableBuilder.java:51)
	... 18 more
Caused by: java.net.SocketTimeoutException: Connect timed out
	at java.base/sun.nio.ch.NioSocketImpl.timedFinishConnect(NioSocketImpl.java:546)
	at java.base/sun.nio.ch.NioSocketImpl.connect(NioSocketImpl.java:597)
	at java.base/java.net.SocksSocketImpl.connect(SocksSocketImpl.java:327)
	at java.base/java.net.Socket.connect(Socket.java:633)
	at dm.jdbc.a.c.d(SourceFile:110)
	at dm.jdbc.a.c.b(SourceFile:68)
	at dm.jdbc.a.c.g(SourceFile:1)
	at dm.jdbc.a.a.init(SourceFile:201)
	... 35 more

2025-07-02 23:58:29
[ERROR]-[Thread: Druid-ConnectionPool-Create-1773697361]-[com.alibaba.druid.pool.DruidDataSource$CreateConnectionThread.run()]: create connection error, url: jdbc:dm://192.168.1.6:5236/XLQCERP, errorCode 6001, state 08S01
dm.jdbc.driver.DMException: 网络通信异常
	at dm.jdbc.driver.DBError.throwException(SourceFile:807)
	at dm.jdbc.a.a.init(SourceFile:207)
	at dm.jdbc.a.a.<init>(SourceFile:174)
	at dm.jdbc.driver.DmdbConnection.openConnection(SourceFile:693)
	at dm.jdbc.internal.conf.EP.connect(SourceFile:143)
	at dm.jdbc.internal.conf.EPGroup$EPSelector.select(SourceFile:501)
	at dm.jdbc.internal.conf.EPGroup.connect(SourceFile:345)
	at dm.jdbc.driver.DmDriver.do_connect(SourceFile:164)
	at dm.jdbc.driver.DmDriver.connect(SourceFile:450)
	at com.alibaba.druid.filter.FilterChainImpl.connection_connect(FilterChainImpl.java:148)
	at com.alibaba.druid.filter.FilterAdapter.connection_connect(FilterAdapter.java:785)
	at com.alibaba.druid.filter.FilterChainImpl.connection_connect(FilterChainImpl.java:142)
	at com.alibaba.druid.pool.DruidAbstractDataSource.createPhysicalConnection(DruidAbstractDataSource.java:1463)
	at com.alibaba.druid.pool.DruidAbstractDataSource.createPhysicalConnection(DruidAbstractDataSource.java:1525)
	at com.alibaba.druid.pool.DruidDataSource$CreateConnectionThread.run(DruidDataSource.java:2100)
Caused by: java.net.SocketException: Host is down
	at java.base/sun.nio.ch.Net.connect0(Native Method)
	at java.base/sun.nio.ch.Net.connect(Net.java:579)
	at java.base/sun.nio.ch.Net.connect(Net.java:568)
	at java.base/sun.nio.ch.NioSocketImpl.connect(NioSocketImpl.java:588)
	at java.base/java.net.SocksSocketImpl.connect(SocksSocketImpl.java:327)
	at java.base/java.net.Socket.connect(Socket.java:633)
	at dm.jdbc.a.c.d(SourceFile:110)
	at dm.jdbc.a.c.b(SourceFile:68)
	at dm.jdbc.a.c.g(SourceFile:1)
	at dm.jdbc.a.a.init(SourceFile:201)
	... 13 more

2025-07-02 23:58:29
[ERROR]-[Thread: Druid-ConnectionPool-Create-1773697361]-[com.alibaba.druid.pool.DruidDataSource$CreateConnectionThread.run()]: create connection error, url: jdbc:dm://192.168.1.6:5236/XLQCERP, errorCode 6001, state 08S01
dm.jdbc.driver.DMException: 网络通信异常
	at dm.jdbc.driver.DBError.throwException(SourceFile:807)
	at dm.jdbc.a.a.init(SourceFile:207)
	at dm.jdbc.a.a.<init>(SourceFile:174)
	at dm.jdbc.driver.DmdbConnection.openConnection(SourceFile:693)
	at dm.jdbc.internal.conf.EP.connect(SourceFile:143)
	at dm.jdbc.internal.conf.EPGroup$EPSelector.select(SourceFile:501)
	at dm.jdbc.internal.conf.EPGroup.connect(SourceFile:345)
	at dm.jdbc.driver.DmDriver.do_connect(SourceFile:164)
	at dm.jdbc.driver.DmDriver.connect(SourceFile:450)
	at com.alibaba.druid.filter.FilterChainImpl.connection_connect(FilterChainImpl.java:148)
	at com.alibaba.druid.filter.FilterAdapter.connection_connect(FilterAdapter.java:785)
	at com.alibaba.druid.filter.FilterChainImpl.connection_connect(FilterChainImpl.java:142)
	at com.alibaba.druid.pool.DruidAbstractDataSource.createPhysicalConnection(DruidAbstractDataSource.java:1463)
	at com.alibaba.druid.pool.DruidAbstractDataSource.createPhysicalConnection(DruidAbstractDataSource.java:1525)
	at com.alibaba.druid.pool.DruidDataSource$CreateConnectionThread.run(DruidDataSource.java:2100)
Caused by: java.net.SocketException: Host is down
	at java.base/sun.nio.ch.Net.connect0(Native Method)
	at java.base/sun.nio.ch.Net.connect(Net.java:579)
	at java.base/sun.nio.ch.Net.connect(Net.java:568)
	at java.base/sun.nio.ch.NioSocketImpl.connect(NioSocketImpl.java:588)
	at java.base/java.net.SocksSocketImpl.connect(SocksSocketImpl.java:327)
	at java.base/java.net.Socket.connect(Socket.java:633)
	at dm.jdbc.a.c.d(SourceFile:110)
	at dm.jdbc.a.c.b(SourceFile:68)
	at dm.jdbc.a.c.g(SourceFile:1)
	at dm.jdbc.a.a.init(SourceFile:201)
	... 13 more

2025-07-02 23:58:29
[ERROR]-[Thread: Druid-ConnectionPool-Create-1773697361]-[com.alibaba.druid.pool.DruidDataSource$CreateConnectionThread.run()]: create connection error, url: jdbc:dm://192.168.1.6:5236/XLQCERP, errorCode 6001, state 08S01
dm.jdbc.driver.DMException: 网络通信异常
	at dm.jdbc.driver.DBError.throwException(SourceFile:807)
	at dm.jdbc.a.a.init(SourceFile:207)
	at dm.jdbc.a.a.<init>(SourceFile:174)
	at dm.jdbc.driver.DmdbConnection.openConnection(SourceFile:693)
	at dm.jdbc.internal.conf.EP.connect(SourceFile:143)
	at dm.jdbc.internal.conf.EPGroup$EPSelector.select(SourceFile:501)
	at dm.jdbc.internal.conf.EPGroup.connect(SourceFile:345)
	at dm.jdbc.driver.DmDriver.do_connect(SourceFile:164)
	at dm.jdbc.driver.DmDriver.connect(SourceFile:450)
	at com.alibaba.druid.filter.FilterChainImpl.connection_connect(FilterChainImpl.java:148)
	at com.alibaba.druid.filter.FilterAdapter.connection_connect(FilterAdapter.java:785)
	at com.alibaba.druid.filter.FilterChainImpl.connection_connect(FilterChainImpl.java:142)
	at com.alibaba.druid.pool.DruidAbstractDataSource.createPhysicalConnection(DruidAbstractDataSource.java:1463)
	at com.alibaba.druid.pool.DruidAbstractDataSource.createPhysicalConnection(DruidAbstractDataSource.java:1525)
	at com.alibaba.druid.pool.DruidDataSource$CreateConnectionThread.run(DruidDataSource.java:2100)
Caused by: java.net.SocketException: Host is down
	at java.base/sun.nio.ch.Net.connect0(Native Method)
	at java.base/sun.nio.ch.Net.connect(Net.java:579)
	at java.base/sun.nio.ch.Net.connect(Net.java:568)
	at java.base/sun.nio.ch.NioSocketImpl.connect(NioSocketImpl.java:588)
	at java.base/java.net.SocksSocketImpl.connect(SocksSocketImpl.java:327)
	at java.base/java.net.Socket.connect(Socket.java:633)
	at dm.jdbc.a.c.d(SourceFile:110)
	at dm.jdbc.a.c.b(SourceFile:68)
	at dm.jdbc.a.c.g(SourceFile:1)
	at dm.jdbc.a.a.init(SourceFile:201)
	... 13 more

2025-07-02 23:58:29
[ERROR]-[Thread: Druid-ConnectionPool-Create-1773697361]-[com.alibaba.druid.pool.DruidDataSource$CreateConnectionThread.run()]: create connection error, url: jdbc:dm://192.168.1.6:5236/XLQCERP, errorCode 6001, state 08S01
dm.jdbc.driver.DMException: 网络通信异常
	at dm.jdbc.driver.DBError.throwException(SourceFile:807)
	at dm.jdbc.a.a.init(SourceFile:207)
	at dm.jdbc.a.a.<init>(SourceFile:174)
	at dm.jdbc.driver.DmdbConnection.openConnection(SourceFile:693)
	at dm.jdbc.internal.conf.EP.connect(SourceFile:143)
	at dm.jdbc.internal.conf.EPGroup$EPSelector.select(SourceFile:501)
	at dm.jdbc.internal.conf.EPGroup.connect(SourceFile:345)
	at dm.jdbc.driver.DmDriver.do_connect(SourceFile:164)
	at dm.jdbc.driver.DmDriver.connect(SourceFile:450)
	at com.alibaba.druid.filter.FilterChainImpl.connection_connect(FilterChainImpl.java:148)
	at com.alibaba.druid.filter.FilterAdapter.connection_connect(FilterAdapter.java:785)
	at com.alibaba.druid.filter.FilterChainImpl.connection_connect(FilterChainImpl.java:142)
	at com.alibaba.druid.pool.DruidAbstractDataSource.createPhysicalConnection(DruidAbstractDataSource.java:1463)
	at com.alibaba.druid.pool.DruidAbstractDataSource.createPhysicalConnection(DruidAbstractDataSource.java:1525)
	at com.alibaba.druid.pool.DruidDataSource$CreateConnectionThread.run(DruidDataSource.java:2100)
Caused by: java.net.SocketException: Host is down
	at java.base/sun.nio.ch.Net.connect0(Native Method)
	at java.base/sun.nio.ch.Net.connect(Net.java:579)
	at java.base/sun.nio.ch.Net.connect(Net.java:568)
	at java.base/sun.nio.ch.NioSocketImpl.connect(NioSocketImpl.java:588)
	at java.base/java.net.SocksSocketImpl.connect(SocksSocketImpl.java:327)
	at java.base/java.net.Socket.connect(Socket.java:633)
	at dm.jdbc.a.c.d(SourceFile:110)
	at dm.jdbc.a.c.b(SourceFile:68)
	at dm.jdbc.a.c.g(SourceFile:1)
	at dm.jdbc.a.a.init(SourceFile:201)
	... 13 more

2025-07-02 23:58:29
[ERROR]-[Thread: Druid-ConnectionPool-Create-1773697361]-[com.alibaba.druid.pool.DruidDataSource$CreateConnectionThread.run()]: create connection error, url: jdbc:dm://192.168.1.6:5236/XLQCERP, errorCode 6001, state 08S01
dm.jdbc.driver.DMException: 网络通信异常
	at dm.jdbc.driver.DBError.throwException(SourceFile:807)
	at dm.jdbc.a.a.init(SourceFile:207)
	at dm.jdbc.a.a.<init>(SourceFile:174)
	at dm.jdbc.driver.DmdbConnection.openConnection(SourceFile:693)
	at dm.jdbc.internal.conf.EP.connect(SourceFile:143)
	at dm.jdbc.internal.conf.EPGroup$EPSelector.select(SourceFile:501)
	at dm.jdbc.internal.conf.EPGroup.connect(SourceFile:345)
	at dm.jdbc.driver.DmDriver.do_connect(SourceFile:164)
	at dm.jdbc.driver.DmDriver.connect(SourceFile:450)
	at com.alibaba.druid.filter.FilterChainImpl.connection_connect(FilterChainImpl.java:148)
	at com.alibaba.druid.filter.FilterAdapter.connection_connect(FilterAdapter.java:785)
	at com.alibaba.druid.filter.FilterChainImpl.connection_connect(FilterChainImpl.java:142)
	at com.alibaba.druid.pool.DruidAbstractDataSource.createPhysicalConnection(DruidAbstractDataSource.java:1463)
	at com.alibaba.druid.pool.DruidAbstractDataSource.createPhysicalConnection(DruidAbstractDataSource.java:1525)
	at com.alibaba.druid.pool.DruidDataSource$CreateConnectionThread.run(DruidDataSource.java:2100)
Caused by: java.net.SocketException: Host is down
	at java.base/sun.nio.ch.Net.connect0(Native Method)
	at java.base/sun.nio.ch.Net.connect(Net.java:579)
	at java.base/sun.nio.ch.Net.connect(Net.java:568)
	at java.base/sun.nio.ch.NioSocketImpl.connect(NioSocketImpl.java:588)
	at java.base/java.net.SocksSocketImpl.connect(SocksSocketImpl.java:327)
	at java.base/java.net.Socket.connect(Socket.java:633)
	at dm.jdbc.a.c.d(SourceFile:110)
	at dm.jdbc.a.c.b(SourceFile:68)
	at dm.jdbc.a.c.g(SourceFile:1)
	at dm.jdbc.a.a.init(SourceFile:201)
	... 13 more

2025-07-02 23:58:29
[ERROR]-[Thread: Druid-ConnectionPool-Create-1773697361]-[com.alibaba.druid.pool.DruidDataSource$CreateConnectionThread.run()]: create connection error, url: jdbc:dm://192.168.1.6:5236/XLQCERP, errorCode 6001, state 08S01
dm.jdbc.driver.DMException: 网络通信异常
	at dm.jdbc.driver.DBError.throwException(SourceFile:807)
	at dm.jdbc.a.a.init(SourceFile:207)
	at dm.jdbc.a.a.<init>(SourceFile:174)
	at dm.jdbc.driver.DmdbConnection.openConnection(SourceFile:693)
	at dm.jdbc.internal.conf.EP.connect(SourceFile:143)
	at dm.jdbc.internal.conf.EPGroup$EPSelector.select(SourceFile:501)
	at dm.jdbc.internal.conf.EPGroup.connect(SourceFile:345)
	at dm.jdbc.driver.DmDriver.do_connect(SourceFile:164)
	at dm.jdbc.driver.DmDriver.connect(SourceFile:450)
	at com.alibaba.druid.filter.FilterChainImpl.connection_connect(FilterChainImpl.java:148)
	at com.alibaba.druid.filter.FilterAdapter.connection_connect(FilterAdapter.java:785)
	at com.alibaba.druid.filter.FilterChainImpl.connection_connect(FilterChainImpl.java:142)
	at com.alibaba.druid.pool.DruidAbstractDataSource.createPhysicalConnection(DruidAbstractDataSource.java:1463)
	at com.alibaba.druid.pool.DruidAbstractDataSource.createPhysicalConnection(DruidAbstractDataSource.java:1525)
	at com.alibaba.druid.pool.DruidDataSource$CreateConnectionThread.run(DruidDataSource.java:2100)
Caused by: java.net.SocketException: Host is down
	at java.base/sun.nio.ch.Net.connect0(Native Method)
	at java.base/sun.nio.ch.Net.connect(Net.java:579)
	at java.base/sun.nio.ch.Net.connect(Net.java:568)
	at java.base/sun.nio.ch.NioSocketImpl.connect(NioSocketImpl.java:588)
	at java.base/java.net.SocksSocketImpl.connect(SocksSocketImpl.java:327)
	at java.base/java.net.Socket.connect(Socket.java:633)
	at dm.jdbc.a.c.d(SourceFile:110)
	at dm.jdbc.a.c.b(SourceFile:68)
	at dm.jdbc.a.c.g(SourceFile:1)
	at dm.jdbc.a.a.init(SourceFile:201)
	... 13 more

2025-07-02 23:58:29
[ERROR]-[Thread: Druid-ConnectionPool-Create-1773697361]-[com.alibaba.druid.pool.DruidDataSource$CreateConnectionThread.run()]: create connection error, url: jdbc:dm://192.168.1.6:5236/XLQCERP, errorCode 6001, state 08S01
dm.jdbc.driver.DMException: 网络通信异常
	at dm.jdbc.driver.DBError.throwException(SourceFile:807)
	at dm.jdbc.a.a.init(SourceFile:207)
	at dm.jdbc.a.a.<init>(SourceFile:174)
	at dm.jdbc.driver.DmdbConnection.openConnection(SourceFile:693)
	at dm.jdbc.internal.conf.EP.connect(SourceFile:143)
	at dm.jdbc.internal.conf.EPGroup$EPSelector.select(SourceFile:501)
	at dm.jdbc.internal.conf.EPGroup.connect(SourceFile:345)
	at dm.jdbc.driver.DmDriver.do_connect(SourceFile:164)
	at dm.jdbc.driver.DmDriver.connect(SourceFile:450)
	at com.alibaba.druid.filter.FilterChainImpl.connection_connect(FilterChainImpl.java:148)
	at com.alibaba.druid.filter.FilterAdapter.connection_connect(FilterAdapter.java:785)
	at com.alibaba.druid.filter.FilterChainImpl.connection_connect(FilterChainImpl.java:142)
	at com.alibaba.druid.pool.DruidAbstractDataSource.createPhysicalConnection(DruidAbstractDataSource.java:1463)
	at com.alibaba.druid.pool.DruidAbstractDataSource.createPhysicalConnection(DruidAbstractDataSource.java:1525)
	at com.alibaba.druid.pool.DruidDataSource$CreateConnectionThread.run(DruidDataSource.java:2100)
Caused by: java.net.SocketException: Host is down
	at java.base/sun.nio.ch.Net.connect0(Native Method)
	at java.base/sun.nio.ch.Net.connect(Net.java:579)
	at java.base/sun.nio.ch.Net.connect(Net.java:568)
	at java.base/sun.nio.ch.NioSocketImpl.connect(NioSocketImpl.java:588)
	at java.base/java.net.SocksSocketImpl.connect(SocksSocketImpl.java:327)
	at java.base/java.net.Socket.connect(Socket.java:633)
	at dm.jdbc.a.c.d(SourceFile:110)
	at dm.jdbc.a.c.b(SourceFile:68)
	at dm.jdbc.a.c.g(SourceFile:1)
	at dm.jdbc.a.a.init(SourceFile:201)
	... 13 more

2025-07-02 23:58:29
[ERROR]-[Thread: Druid-ConnectionPool-Create-1773697361]-[com.alibaba.druid.pool.DruidDataSource$CreateConnectionThread.run()]: create connection error, url: jdbc:dm://192.168.1.6:5236/XLQCERP, errorCode 6001, state 08S01
dm.jdbc.driver.DMException: 网络通信异常
	at dm.jdbc.driver.DBError.throwException(SourceFile:807)
	at dm.jdbc.a.a.init(SourceFile:207)
	at dm.jdbc.a.a.<init>(SourceFile:174)
	at dm.jdbc.driver.DmdbConnection.openConnection(SourceFile:693)
	at dm.jdbc.internal.conf.EP.connect(SourceFile:143)
	at dm.jdbc.internal.conf.EPGroup$EPSelector.select(SourceFile:501)
	at dm.jdbc.internal.conf.EPGroup.connect(SourceFile:345)
	at dm.jdbc.driver.DmDriver.do_connect(SourceFile:164)
	at dm.jdbc.driver.DmDriver.connect(SourceFile:450)
	at com.alibaba.druid.filter.FilterChainImpl.connection_connect(FilterChainImpl.java:148)
	at com.alibaba.druid.filter.FilterAdapter.connection_connect(FilterAdapter.java:785)
	at com.alibaba.druid.filter.FilterChainImpl.connection_connect(FilterChainImpl.java:142)
	at com.alibaba.druid.pool.DruidAbstractDataSource.createPhysicalConnection(DruidAbstractDataSource.java:1463)
	at com.alibaba.druid.pool.DruidAbstractDataSource.createPhysicalConnection(DruidAbstractDataSource.java:1525)
	at com.alibaba.druid.pool.DruidDataSource$CreateConnectionThread.run(DruidDataSource.java:2100)
Caused by: java.net.SocketException: Host is down
	at java.base/sun.nio.ch.Net.connect0(Native Method)
	at java.base/sun.nio.ch.Net.connect(Net.java:579)
	at java.base/sun.nio.ch.Net.connect(Net.java:568)
	at java.base/sun.nio.ch.NioSocketImpl.connect(NioSocketImpl.java:588)
	at java.base/java.net.SocksSocketImpl.connect(SocksSocketImpl.java:327)
	at java.base/java.net.Socket.connect(Socket.java:633)
	at dm.jdbc.a.c.d(SourceFile:110)
	at dm.jdbc.a.c.b(SourceFile:68)
	at dm.jdbc.a.c.g(SourceFile:1)
	at dm.jdbc.a.a.init(SourceFile:201)
	... 13 more

2025-07-02 23:58:29
[ERROR]-[Thread: Druid-ConnectionPool-Create-1773697361]-[com.alibaba.druid.pool.DruidDataSource$CreateConnectionThread.run()]: create connection error, url: jdbc:dm://192.168.1.6:5236/XLQCERP, errorCode 6001, state 08S01
dm.jdbc.driver.DMException: 网络通信异常
	at dm.jdbc.driver.DBError.throwException(SourceFile:807)
	at dm.jdbc.a.a.init(SourceFile:207)
	at dm.jdbc.a.a.<init>(SourceFile:174)
	at dm.jdbc.driver.DmdbConnection.openConnection(SourceFile:693)
	at dm.jdbc.internal.conf.EP.connect(SourceFile:143)
	at dm.jdbc.internal.conf.EPGroup$EPSelector.select(SourceFile:501)
	at dm.jdbc.internal.conf.EPGroup.connect(SourceFile:345)
	at dm.jdbc.driver.DmDriver.do_connect(SourceFile:164)
	at dm.jdbc.driver.DmDriver.connect(SourceFile:450)
	at com.alibaba.druid.filter.FilterChainImpl.connection_connect(FilterChainImpl.java:148)
	at com.alibaba.druid.filter.FilterAdapter.connection_connect(FilterAdapter.java:785)
	at com.alibaba.druid.filter.FilterChainImpl.connection_connect(FilterChainImpl.java:142)
	at com.alibaba.druid.pool.DruidAbstractDataSource.createPhysicalConnection(DruidAbstractDataSource.java:1463)
	at com.alibaba.druid.pool.DruidAbstractDataSource.createPhysicalConnection(DruidAbstractDataSource.java:1525)
	at com.alibaba.druid.pool.DruidDataSource$CreateConnectionThread.run(DruidDataSource.java:2100)
Caused by: java.net.SocketException: Host is down
	at java.base/sun.nio.ch.Net.connect0(Native Method)
	at java.base/sun.nio.ch.Net.connect(Net.java:579)
	at java.base/sun.nio.ch.Net.connect(Net.java:568)
	at java.base/sun.nio.ch.NioSocketImpl.connect(NioSocketImpl.java:588)
	at java.base/java.net.SocksSocketImpl.connect(SocksSocketImpl.java:327)
	at java.base/java.net.Socket.connect(Socket.java:633)
	at dm.jdbc.a.c.d(SourceFile:110)
	at dm.jdbc.a.c.b(SourceFile:68)
	at dm.jdbc.a.c.g(SourceFile:1)
	at dm.jdbc.a.a.init(SourceFile:201)
	... 13 more

2025-07-02 23:58:29
[ERROR]-[Thread: Druid-ConnectionPool-Create-1773697361]-[com.alibaba.druid.pool.DruidDataSource$CreateConnectionThread.run()]: create connection error, url: jdbc:dm://192.168.1.6:5236/XLQCERP, errorCode 6001, state 08S01
dm.jdbc.driver.DMException: 网络通信异常
	at dm.jdbc.driver.DBError.throwException(SourceFile:807)
	at dm.jdbc.a.a.init(SourceFile:207)
	at dm.jdbc.a.a.<init>(SourceFile:174)
	at dm.jdbc.driver.DmdbConnection.openConnection(SourceFile:693)
	at dm.jdbc.internal.conf.EP.connect(SourceFile:143)
	at dm.jdbc.internal.conf.EPGroup$EPSelector.select(SourceFile:501)
	at dm.jdbc.internal.conf.EPGroup.connect(SourceFile:345)
	at dm.jdbc.driver.DmDriver.do_connect(SourceFile:164)
	at dm.jdbc.driver.DmDriver.connect(SourceFile:450)
	at com.alibaba.druid.filter.FilterChainImpl.connection_connect(FilterChainImpl.java:148)
	at com.alibaba.druid.filter.FilterAdapter.connection_connect(FilterAdapter.java:785)
	at com.alibaba.druid.filter.FilterChainImpl.connection_connect(FilterChainImpl.java:142)
	at com.alibaba.druid.pool.DruidAbstractDataSource.createPhysicalConnection(DruidAbstractDataSource.java:1463)
	at com.alibaba.druid.pool.DruidAbstractDataSource.createPhysicalConnection(DruidAbstractDataSource.java:1525)
	at com.alibaba.druid.pool.DruidDataSource$CreateConnectionThread.run(DruidDataSource.java:2100)
Caused by: java.net.SocketException: Host is down
	at java.base/sun.nio.ch.Net.connect0(Native Method)
	at java.base/sun.nio.ch.Net.connect(Net.java:579)
	at java.base/sun.nio.ch.Net.connect(Net.java:568)
	at java.base/sun.nio.ch.NioSocketImpl.connect(NioSocketImpl.java:588)
	at java.base/java.net.SocksSocketImpl.connect(SocksSocketImpl.java:327)
	at java.base/java.net.Socket.connect(Socket.java:633)
	at dm.jdbc.a.c.d(SourceFile:110)
	at dm.jdbc.a.c.b(SourceFile:68)
	at dm.jdbc.a.c.g(SourceFile:1)
	at dm.jdbc.a.a.init(SourceFile:201)
	... 13 more

2025-07-02 23:58:29
[ERROR]-[Thread: Druid-ConnectionPool-Create-1773697361]-[com.alibaba.druid.pool.DruidDataSource$CreateConnectionThread.run()]: create connection error, url: jdbc:dm://192.168.1.6:5236/XLQCERP, errorCode 6001, state 08S01
dm.jdbc.driver.DMException: 网络通信异常
	at dm.jdbc.driver.DBError.throwException(SourceFile:807)
	at dm.jdbc.a.a.init(SourceFile:207)
	at dm.jdbc.a.a.<init>(SourceFile:174)
	at dm.jdbc.driver.DmdbConnection.openConnection(SourceFile:693)
	at dm.jdbc.internal.conf.EP.connect(SourceFile:143)
	at dm.jdbc.internal.conf.EPGroup$EPSelector.select(SourceFile:501)
	at dm.jdbc.internal.conf.EPGroup.connect(SourceFile:345)
	at dm.jdbc.driver.DmDriver.do_connect(SourceFile:164)
	at dm.jdbc.driver.DmDriver.connect(SourceFile:450)
	at com.alibaba.druid.filter.FilterChainImpl.connection_connect(FilterChainImpl.java:148)
	at com.alibaba.druid.filter.FilterAdapter.connection_connect(FilterAdapter.java:785)
	at com.alibaba.druid.filter.FilterChainImpl.connection_connect(FilterChainImpl.java:142)
	at com.alibaba.druid.pool.DruidAbstractDataSource.createPhysicalConnection(DruidAbstractDataSource.java:1463)
	at com.alibaba.druid.pool.DruidAbstractDataSource.createPhysicalConnection(DruidAbstractDataSource.java:1525)
	at com.alibaba.druid.pool.DruidDataSource$CreateConnectionThread.run(DruidDataSource.java:2100)
Caused by: java.net.SocketException: Host is down
	at java.base/sun.nio.ch.Net.connect0(Native Method)
	at java.base/sun.nio.ch.Net.connect(Net.java:579)
	at java.base/sun.nio.ch.Net.connect(Net.java:568)
	at java.base/sun.nio.ch.NioSocketImpl.connect(NioSocketImpl.java:588)
	at java.base/java.net.SocksSocketImpl.connect(SocksSocketImpl.java:327)
	at java.base/java.net.Socket.connect(Socket.java:633)
	at dm.jdbc.a.c.d(SourceFile:110)
	at dm.jdbc.a.c.b(SourceFile:68)
	at dm.jdbc.a.c.g(SourceFile:1)
	at dm.jdbc.a.a.init(SourceFile:201)
	... 13 more

2025-07-02 23:58:29
[ERROR]-[Thread: Druid-ConnectionPool-Create-1773697361]-[com.alibaba.druid.pool.DruidDataSource$CreateConnectionThread.run()]: create connection error, url: jdbc:dm://192.168.1.6:5236/XLQCERP, errorCode 6001, state 08S01
dm.jdbc.driver.DMException: 网络通信异常
	at dm.jdbc.driver.DBError.throwException(SourceFile:807)
	at dm.jdbc.a.a.init(SourceFile:207)
	at dm.jdbc.a.a.<init>(SourceFile:174)
	at dm.jdbc.driver.DmdbConnection.openConnection(SourceFile:693)
	at dm.jdbc.internal.conf.EP.connect(SourceFile:143)
	at dm.jdbc.internal.conf.EPGroup$EPSelector.select(SourceFile:501)
	at dm.jdbc.internal.conf.EPGroup.connect(SourceFile:345)
	at dm.jdbc.driver.DmDriver.do_connect(SourceFile:164)
	at dm.jdbc.driver.DmDriver.connect(SourceFile:450)
	at com.alibaba.druid.filter.FilterChainImpl.connection_connect(FilterChainImpl.java:148)
	at com.alibaba.druid.filter.FilterAdapter.connection_connect(FilterAdapter.java:785)
	at com.alibaba.druid.filter.FilterChainImpl.connection_connect(FilterChainImpl.java:142)
	at com.alibaba.druid.pool.DruidAbstractDataSource.createPhysicalConnection(DruidAbstractDataSource.java:1463)
	at com.alibaba.druid.pool.DruidAbstractDataSource.createPhysicalConnection(DruidAbstractDataSource.java:1525)
	at com.alibaba.druid.pool.DruidDataSource$CreateConnectionThread.run(DruidDataSource.java:2100)
Caused by: java.net.SocketException: Host is down
	at java.base/sun.nio.ch.Net.connect0(Native Method)
	at java.base/sun.nio.ch.Net.connect(Net.java:579)
	at java.base/sun.nio.ch.Net.connect(Net.java:568)
	at java.base/sun.nio.ch.NioSocketImpl.connect(NioSocketImpl.java:588)
	at java.base/java.net.SocksSocketImpl.connect(SocksSocketImpl.java:327)
	at java.base/java.net.Socket.connect(Socket.java:633)
	at dm.jdbc.a.c.d(SourceFile:110)
	at dm.jdbc.a.c.b(SourceFile:68)
	at dm.jdbc.a.c.g(SourceFile:1)
	at dm.jdbc.a.a.init(SourceFile:201)
	... 13 more

2025-07-02 23:58:29
[ERROR]-[Thread: Druid-ConnectionPool-Create-1773697361]-[com.alibaba.druid.pool.DruidDataSource$CreateConnectionThread.run()]: create connection error, url: jdbc:dm://192.168.1.6:5236/XLQCERP, errorCode 6001, state 08S01
dm.jdbc.driver.DMException: 网络通信异常
	at dm.jdbc.driver.DBError.throwException(SourceFile:807)
	at dm.jdbc.a.a.init(SourceFile:207)
	at dm.jdbc.a.a.<init>(SourceFile:174)
	at dm.jdbc.driver.DmdbConnection.openConnection(SourceFile:693)
	at dm.jdbc.internal.conf.EP.connect(SourceFile:143)
	at dm.jdbc.internal.conf.EPGroup$EPSelector.select(SourceFile:501)
	at dm.jdbc.internal.conf.EPGroup.connect(SourceFile:345)
	at dm.jdbc.driver.DmDriver.do_connect(SourceFile:164)
	at dm.jdbc.driver.DmDriver.connect(SourceFile:450)
	at com.alibaba.druid.filter.FilterChainImpl.connection_connect(FilterChainImpl.java:148)
	at com.alibaba.druid.filter.FilterAdapter.connection_connect(FilterAdapter.java:785)
	at com.alibaba.druid.filter.FilterChainImpl.connection_connect(FilterChainImpl.java:142)
	at com.alibaba.druid.pool.DruidAbstractDataSource.createPhysicalConnection(DruidAbstractDataSource.java:1463)
	at com.alibaba.druid.pool.DruidAbstractDataSource.createPhysicalConnection(DruidAbstractDataSource.java:1525)
	at com.alibaba.druid.pool.DruidDataSource$CreateConnectionThread.run(DruidDataSource.java:2100)
Caused by: java.net.SocketException: Host is down
	at java.base/sun.nio.ch.Net.connect0(Native Method)
	at java.base/sun.nio.ch.Net.connect(Net.java:579)
	at java.base/sun.nio.ch.Net.connect(Net.java:568)
	at java.base/sun.nio.ch.NioSocketImpl.connect(NioSocketImpl.java:588)
	at java.base/java.net.SocksSocketImpl.connect(SocksSocketImpl.java:327)
	at java.base/java.net.Socket.connect(Socket.java:633)
	at dm.jdbc.a.c.d(SourceFile:110)
	at dm.jdbc.a.c.b(SourceFile:68)
	at dm.jdbc.a.c.g(SourceFile:1)
	at dm.jdbc.a.a.init(SourceFile:201)
	... 13 more

2025-07-02 23:58:29
[ERROR]-[Thread: Druid-ConnectionPool-Create-1773697361]-[com.alibaba.druid.pool.DruidDataSource$CreateConnectionThread.run()]: create connection error, url: jdbc:dm://192.168.1.6:5236/XLQCERP, errorCode 6001, state 08S01
dm.jdbc.driver.DMException: 网络通信异常
	at dm.jdbc.driver.DBError.throwException(SourceFile:807)
	at dm.jdbc.a.a.init(SourceFile:207)
	at dm.jdbc.a.a.<init>(SourceFile:174)
	at dm.jdbc.driver.DmdbConnection.openConnection(SourceFile:693)
	at dm.jdbc.internal.conf.EP.connect(SourceFile:143)
	at dm.jdbc.internal.conf.EPGroup$EPSelector.select(SourceFile:501)
	at dm.jdbc.internal.conf.EPGroup.connect(SourceFile:345)
	at dm.jdbc.driver.DmDriver.do_connect(SourceFile:164)
	at dm.jdbc.driver.DmDriver.connect(SourceFile:450)
	at com.alibaba.druid.filter.FilterChainImpl.connection_connect(FilterChainImpl.java:148)
	at com.alibaba.druid.filter.FilterAdapter.connection_connect(FilterAdapter.java:785)
	at com.alibaba.druid.filter.FilterChainImpl.connection_connect(FilterChainImpl.java:142)
	at com.alibaba.druid.pool.DruidAbstractDataSource.createPhysicalConnection(DruidAbstractDataSource.java:1463)
	at com.alibaba.druid.pool.DruidAbstractDataSource.createPhysicalConnection(DruidAbstractDataSource.java:1525)
	at com.alibaba.druid.pool.DruidDataSource$CreateConnectionThread.run(DruidDataSource.java:2100)
Caused by: java.net.SocketException: Host is down
	at java.base/sun.nio.ch.Net.connect0(Native Method)
	at java.base/sun.nio.ch.Net.connect(Net.java:579)
	at java.base/sun.nio.ch.Net.connect(Net.java:568)
	at java.base/sun.nio.ch.NioSocketImpl.connect(NioSocketImpl.java:588)
	at java.base/java.net.SocksSocketImpl.connect(SocksSocketImpl.java:327)
	at java.base/java.net.Socket.connect(Socket.java:633)
	at dm.jdbc.a.c.d(SourceFile:110)
	at dm.jdbc.a.c.b(SourceFile:68)
	at dm.jdbc.a.c.g(SourceFile:1)
	at dm.jdbc.a.a.init(SourceFile:201)
	... 13 more

2025-07-02 23:58:29
[ERROR]-[Thread: Druid-ConnectionPool-Create-1773697361]-[com.alibaba.druid.pool.DruidDataSource$CreateConnectionThread.run()]: create connection error, url: jdbc:dm://192.168.1.6:5236/XLQCERP, errorCode 6001, state 08S01
dm.jdbc.driver.DMException: 网络通信异常
	at dm.jdbc.driver.DBError.throwException(SourceFile:807)
	at dm.jdbc.a.a.init(SourceFile:207)
	at dm.jdbc.a.a.<init>(SourceFile:174)
	at dm.jdbc.driver.DmdbConnection.openConnection(SourceFile:693)
	at dm.jdbc.internal.conf.EP.connect(SourceFile:143)
	at dm.jdbc.internal.conf.EPGroup$EPSelector.select(SourceFile:501)
	at dm.jdbc.internal.conf.EPGroup.connect(SourceFile:345)
	at dm.jdbc.driver.DmDriver.do_connect(SourceFile:164)
	at dm.jdbc.driver.DmDriver.connect(SourceFile:450)
	at com.alibaba.druid.filter.FilterChainImpl.connection_connect(FilterChainImpl.java:148)
	at com.alibaba.druid.filter.FilterAdapter.connection_connect(FilterAdapter.java:785)
	at com.alibaba.druid.filter.FilterChainImpl.connection_connect(FilterChainImpl.java:142)
	at com.alibaba.druid.pool.DruidAbstractDataSource.createPhysicalConnection(DruidAbstractDataSource.java:1463)
	at com.alibaba.druid.pool.DruidAbstractDataSource.createPhysicalConnection(DruidAbstractDataSource.java:1525)
	at com.alibaba.druid.pool.DruidDataSource$CreateConnectionThread.run(DruidDataSource.java:2100)
Caused by: java.net.SocketException: Host is down
	at java.base/sun.nio.ch.Net.connect0(Native Method)
	at java.base/sun.nio.ch.Net.connect(Net.java:579)
	at java.base/sun.nio.ch.Net.connect(Net.java:568)
	at java.base/sun.nio.ch.NioSocketImpl.connect(NioSocketImpl.java:588)
	at java.base/java.net.SocksSocketImpl.connect(SocksSocketImpl.java:327)
	at java.base/java.net.Socket.connect(Socket.java:633)
	at dm.jdbc.a.c.d(SourceFile:110)
	at dm.jdbc.a.c.b(SourceFile:68)
	at dm.jdbc.a.c.g(SourceFile:1)
	at dm.jdbc.a.a.init(SourceFile:201)
	... 13 more

2025-07-02 23:58:29
[ERROR]-[Thread: Druid-ConnectionPool-Create-1773697361]-[com.alibaba.druid.pool.DruidDataSource$CreateConnectionThread.run()]: create connection error, url: jdbc:dm://192.168.1.6:5236/XLQCERP, errorCode 6001, state 08S01
dm.jdbc.driver.DMException: 网络通信异常
	at dm.jdbc.driver.DBError.throwException(SourceFile:807)
	at dm.jdbc.a.a.init(SourceFile:207)
	at dm.jdbc.a.a.<init>(SourceFile:174)
	at dm.jdbc.driver.DmdbConnection.openConnection(SourceFile:693)
	at dm.jdbc.internal.conf.EP.connect(SourceFile:143)
	at dm.jdbc.internal.conf.EPGroup$EPSelector.select(SourceFile:501)
	at dm.jdbc.internal.conf.EPGroup.connect(SourceFile:345)
	at dm.jdbc.driver.DmDriver.do_connect(SourceFile:164)
	at dm.jdbc.driver.DmDriver.connect(SourceFile:450)
	at com.alibaba.druid.filter.FilterChainImpl.connection_connect(FilterChainImpl.java:148)
	at com.alibaba.druid.filter.FilterAdapter.connection_connect(FilterAdapter.java:785)
	at com.alibaba.druid.filter.FilterChainImpl.connection_connect(FilterChainImpl.java:142)
	at com.alibaba.druid.pool.DruidAbstractDataSource.createPhysicalConnection(DruidAbstractDataSource.java:1463)
	at com.alibaba.druid.pool.DruidAbstractDataSource.createPhysicalConnection(DruidAbstractDataSource.java:1525)
	at com.alibaba.druid.pool.DruidDataSource$CreateConnectionThread.run(DruidDataSource.java:2100)
Caused by: java.net.SocketException: Host is down
	at java.base/sun.nio.ch.Net.connect0(Native Method)
	at java.base/sun.nio.ch.Net.connect(Net.java:579)
	at java.base/sun.nio.ch.Net.connect(Net.java:568)
	at java.base/sun.nio.ch.NioSocketImpl.connect(NioSocketImpl.java:588)
	at java.base/java.net.SocksSocketImpl.connect(SocksSocketImpl.java:327)
	at java.base/java.net.Socket.connect(Socket.java:633)
	at dm.jdbc.a.c.d(SourceFile:110)
	at dm.jdbc.a.c.b(SourceFile:68)
	at dm.jdbc.a.c.g(SourceFile:1)
	at dm.jdbc.a.a.init(SourceFile:201)
	... 13 more

2025-07-02 23:58:29
[ERROR]-[Thread: Druid-ConnectionPool-Create-1773697361]-[com.alibaba.druid.pool.DruidDataSource$CreateConnectionThread.run()]: create connection error, url: jdbc:dm://192.168.1.6:5236/XLQCERP, errorCode 6001, state 08S01
dm.jdbc.driver.DMException: 网络通信异常
	at dm.jdbc.driver.DBError.throwException(SourceFile:807)
	at dm.jdbc.a.a.init(SourceFile:207)
	at dm.jdbc.a.a.<init>(SourceFile:174)
	at dm.jdbc.driver.DmdbConnection.openConnection(SourceFile:693)
	at dm.jdbc.internal.conf.EP.connect(SourceFile:143)
	at dm.jdbc.internal.conf.EPGroup$EPSelector.select(SourceFile:501)
	at dm.jdbc.internal.conf.EPGroup.connect(SourceFile:345)
	at dm.jdbc.driver.DmDriver.do_connect(SourceFile:164)
	at dm.jdbc.driver.DmDriver.connect(SourceFile:450)
	at com.alibaba.druid.filter.FilterChainImpl.connection_connect(FilterChainImpl.java:148)
	at com.alibaba.druid.filter.FilterAdapter.connection_connect(FilterAdapter.java:785)
	at com.alibaba.druid.filter.FilterChainImpl.connection_connect(FilterChainImpl.java:142)
	at com.alibaba.druid.pool.DruidAbstractDataSource.createPhysicalConnection(DruidAbstractDataSource.java:1463)
	at com.alibaba.druid.pool.DruidAbstractDataSource.createPhysicalConnection(DruidAbstractDataSource.java:1525)
	at com.alibaba.druid.pool.DruidDataSource$CreateConnectionThread.run(DruidDataSource.java:2100)
Caused by: java.net.SocketException: Host is down
	at java.base/sun.nio.ch.Net.connect0(Native Method)
	at java.base/sun.nio.ch.Net.connect(Net.java:579)
	at java.base/sun.nio.ch.Net.connect(Net.java:568)
	at java.base/sun.nio.ch.NioSocketImpl.connect(NioSocketImpl.java:588)
	at java.base/java.net.SocksSocketImpl.connect(SocksSocketImpl.java:327)
	at java.base/java.net.Socket.connect(Socket.java:633)
	at dm.jdbc.a.c.d(SourceFile:110)
	at dm.jdbc.a.c.b(SourceFile:68)
	at dm.jdbc.a.c.g(SourceFile:1)
	at dm.jdbc.a.a.init(SourceFile:201)
	... 13 more

2025-07-02 23:58:29
[ERROR]-[Thread: Druid-ConnectionPool-Create-1773697361]-[com.alibaba.druid.pool.DruidDataSource$CreateConnectionThread.run()]: create connection error, url: jdbc:dm://192.168.1.6:5236/XLQCERP, errorCode 6001, state 08S01
dm.jdbc.driver.DMException: 网络通信异常
	at dm.jdbc.driver.DBError.throwException(SourceFile:807)
	at dm.jdbc.a.a.init(SourceFile:207)
	at dm.jdbc.a.a.<init>(SourceFile:174)
	at dm.jdbc.driver.DmdbConnection.openConnection(SourceFile:693)
	at dm.jdbc.internal.conf.EP.connect(SourceFile:143)
	at dm.jdbc.internal.conf.EPGroup$EPSelector.select(SourceFile:501)
	at dm.jdbc.internal.conf.EPGroup.connect(SourceFile:345)
	at dm.jdbc.driver.DmDriver.do_connect(SourceFile:164)
	at dm.jdbc.driver.DmDriver.connect(SourceFile:450)
	at com.alibaba.druid.filter.FilterChainImpl.connection_connect(FilterChainImpl.java:148)
	at com.alibaba.druid.filter.FilterAdapter.connection_connect(FilterAdapter.java:785)
	at com.alibaba.druid.filter.FilterChainImpl.connection_connect(FilterChainImpl.java:142)
	at com.alibaba.druid.pool.DruidAbstractDataSource.createPhysicalConnection(DruidAbstractDataSource.java:1463)
	at com.alibaba.druid.pool.DruidAbstractDataSource.createPhysicalConnection(DruidAbstractDataSource.java:1525)
	at com.alibaba.druid.pool.DruidDataSource$CreateConnectionThread.run(DruidDataSource.java:2100)
Caused by: java.net.SocketException: Host is down
	at java.base/sun.nio.ch.Net.connect0(Native Method)
	at java.base/sun.nio.ch.Net.connect(Net.java:579)
	at java.base/sun.nio.ch.Net.connect(Net.java:568)
	at java.base/sun.nio.ch.NioSocketImpl.connect(NioSocketImpl.java:588)
	at java.base/java.net.SocksSocketImpl.connect(SocksSocketImpl.java:327)
	at java.base/java.net.Socket.connect(Socket.java:633)
	at dm.jdbc.a.c.d(SourceFile:110)
	at dm.jdbc.a.c.b(SourceFile:68)
	at dm.jdbc.a.c.g(SourceFile:1)
	at dm.jdbc.a.a.init(SourceFile:201)
	... 13 more

2025-07-02 23:58:29
[ERROR]-[Thread: Druid-ConnectionPool-Create-1773697361]-[com.alibaba.druid.pool.DruidDataSource$CreateConnectionThread.run()]: create connection error, url: jdbc:dm://192.168.1.6:5236/XLQCERP, errorCode 6001, state 08S01
dm.jdbc.driver.DMException: 网络通信异常
	at dm.jdbc.driver.DBError.throwException(SourceFile:807)
	at dm.jdbc.a.a.init(SourceFile:207)
	at dm.jdbc.a.a.<init>(SourceFile:174)
	at dm.jdbc.driver.DmdbConnection.openConnection(SourceFile:693)
	at dm.jdbc.internal.conf.EP.connect(SourceFile:143)
	at dm.jdbc.internal.conf.EPGroup$EPSelector.select(SourceFile:501)
	at dm.jdbc.internal.conf.EPGroup.connect(SourceFile:345)
	at dm.jdbc.driver.DmDriver.do_connect(SourceFile:164)
	at dm.jdbc.driver.DmDriver.connect(SourceFile:450)
	at com.alibaba.druid.filter.FilterChainImpl.connection_connect(FilterChainImpl.java:148)
	at com.alibaba.druid.filter.FilterAdapter.connection_connect(FilterAdapter.java:785)
	at com.alibaba.druid.filter.FilterChainImpl.connection_connect(FilterChainImpl.java:142)
	at com.alibaba.druid.pool.DruidAbstractDataSource.createPhysicalConnection(DruidAbstractDataSource.java:1463)
	at com.alibaba.druid.pool.DruidAbstractDataSource.createPhysicalConnection(DruidAbstractDataSource.java:1525)
	at com.alibaba.druid.pool.DruidDataSource$CreateConnectionThread.run(DruidDataSource.java:2100)
Caused by: java.net.SocketException: Host is down
	at java.base/sun.nio.ch.Net.connect0(Native Method)
	at java.base/sun.nio.ch.Net.connect(Net.java:579)
	at java.base/sun.nio.ch.Net.connect(Net.java:568)
	at java.base/sun.nio.ch.NioSocketImpl.connect(NioSocketImpl.java:588)
	at java.base/java.net.SocksSocketImpl.connect(SocksSocketImpl.java:327)
	at java.base/java.net.Socket.connect(Socket.java:633)
	at dm.jdbc.a.c.d(SourceFile:110)
	at dm.jdbc.a.c.b(SourceFile:68)
	at dm.jdbc.a.c.g(SourceFile:1)
	at dm.jdbc.a.a.init(SourceFile:201)
	... 13 more

2025-07-02 23:58:29
[ERROR]-[Thread: Druid-ConnectionPool-Create-1773697361]-[com.alibaba.druid.pool.DruidDataSource$CreateConnectionThread.run()]: create connection error, url: jdbc:dm://192.168.1.6:5236/XLQCERP, errorCode 6001, state 08S01
dm.jdbc.driver.DMException: 网络通信异常
	at dm.jdbc.driver.DBError.throwException(SourceFile:807)
	at dm.jdbc.a.a.init(SourceFile:207)
	at dm.jdbc.a.a.<init>(SourceFile:174)
	at dm.jdbc.driver.DmdbConnection.openConnection(SourceFile:693)
	at dm.jdbc.internal.conf.EP.connect(SourceFile:143)
	at dm.jdbc.internal.conf.EPGroup$EPSelector.select(SourceFile:501)
	at dm.jdbc.internal.conf.EPGroup.connect(SourceFile:345)
	at dm.jdbc.driver.DmDriver.do_connect(SourceFile:164)
	at dm.jdbc.driver.DmDriver.connect(SourceFile:450)
	at com.alibaba.druid.filter.FilterChainImpl.connection_connect(FilterChainImpl.java:148)
	at com.alibaba.druid.filter.FilterAdapter.connection_connect(FilterAdapter.java:785)
	at com.alibaba.druid.filter.FilterChainImpl.connection_connect(FilterChainImpl.java:142)
	at com.alibaba.druid.pool.DruidAbstractDataSource.createPhysicalConnection(DruidAbstractDataSource.java:1463)
	at com.alibaba.druid.pool.DruidAbstractDataSource.createPhysicalConnection(DruidAbstractDataSource.java:1525)
	at com.alibaba.druid.pool.DruidDataSource$CreateConnectionThread.run(DruidDataSource.java:2100)
Caused by: java.net.SocketException: Host is down
	at java.base/sun.nio.ch.Net.connect0(Native Method)
	at java.base/sun.nio.ch.Net.connect(Net.java:579)
	at java.base/sun.nio.ch.Net.connect(Net.java:568)
	at java.base/sun.nio.ch.NioSocketImpl.connect(NioSocketImpl.java:588)
	at java.base/java.net.SocksSocketImpl.connect(SocksSocketImpl.java:327)
	at java.base/java.net.Socket.connect(Socket.java:633)
	at dm.jdbc.a.c.d(SourceFile:110)
	at dm.jdbc.a.c.b(SourceFile:68)
	at dm.jdbc.a.c.g(SourceFile:1)
	at dm.jdbc.a.a.init(SourceFile:201)
	... 13 more

2025-07-02 23:58:29
[ERROR]-[Thread: Druid-ConnectionPool-Create-1773697361]-[com.alibaba.druid.pool.DruidDataSource$CreateConnectionThread.run()]: create connection error, url: jdbc:dm://192.168.1.6:5236/XLQCERP, errorCode 6001, state 08S01
dm.jdbc.driver.DMException: 网络通信异常
	at dm.jdbc.driver.DBError.throwException(SourceFile:807)
	at dm.jdbc.a.a.init(SourceFile:207)
	at dm.jdbc.a.a.<init>(SourceFile:174)
	at dm.jdbc.driver.DmdbConnection.openConnection(SourceFile:693)
	at dm.jdbc.internal.conf.EP.connect(SourceFile:143)
	at dm.jdbc.internal.conf.EPGroup$EPSelector.select(SourceFile:501)
	at dm.jdbc.internal.conf.EPGroup.connect(SourceFile:345)
	at dm.jdbc.driver.DmDriver.do_connect(SourceFile:164)
	at dm.jdbc.driver.DmDriver.connect(SourceFile:450)
	at com.alibaba.druid.filter.FilterChainImpl.connection_connect(FilterChainImpl.java:148)
	at com.alibaba.druid.filter.FilterAdapter.connection_connect(FilterAdapter.java:785)
	at com.alibaba.druid.filter.FilterChainImpl.connection_connect(FilterChainImpl.java:142)
	at com.alibaba.druid.pool.DruidAbstractDataSource.createPhysicalConnection(DruidAbstractDataSource.java:1463)
	at com.alibaba.druid.pool.DruidAbstractDataSource.createPhysicalConnection(DruidAbstractDataSource.java:1525)
	at com.alibaba.druid.pool.DruidDataSource$CreateConnectionThread.run(DruidDataSource.java:2100)
Caused by: java.net.SocketException: Host is down
	at java.base/sun.nio.ch.Net.connect0(Native Method)
	at java.base/sun.nio.ch.Net.connect(Net.java:579)
	at java.base/sun.nio.ch.Net.connect(Net.java:568)
	at java.base/sun.nio.ch.NioSocketImpl.connect(NioSocketImpl.java:588)
	at java.base/java.net.SocksSocketImpl.connect(SocksSocketImpl.java:327)
	at java.base/java.net.Socket.connect(Socket.java:633)
	at dm.jdbc.a.c.d(SourceFile:110)
	at dm.jdbc.a.c.b(SourceFile:68)
	at dm.jdbc.a.c.g(SourceFile:1)
	at dm.jdbc.a.a.init(SourceFile:201)
	... 13 more

2025-07-02 23:58:29
[ERROR]-[Thread: Druid-ConnectionPool-Create-1773697361]-[com.alibaba.druid.pool.DruidDataSource$CreateConnectionThread.run()]: create connection error, url: jdbc:dm://192.168.1.6:5236/XLQCERP, errorCode 6001, state 08S01
dm.jdbc.driver.DMException: 网络通信异常
	at dm.jdbc.driver.DBError.throwException(SourceFile:807)
	at dm.jdbc.a.a.init(SourceFile:207)
	at dm.jdbc.a.a.<init>(SourceFile:174)
	at dm.jdbc.driver.DmdbConnection.openConnection(SourceFile:693)
	at dm.jdbc.internal.conf.EP.connect(SourceFile:143)
	at dm.jdbc.internal.conf.EPGroup$EPSelector.select(SourceFile:501)
	at dm.jdbc.internal.conf.EPGroup.connect(SourceFile:345)
	at dm.jdbc.driver.DmDriver.do_connect(SourceFile:164)
	at dm.jdbc.driver.DmDriver.connect(SourceFile:450)
	at com.alibaba.druid.filter.FilterChainImpl.connection_connect(FilterChainImpl.java:148)
	at com.alibaba.druid.filter.FilterAdapter.connection_connect(FilterAdapter.java:785)
	at com.alibaba.druid.filter.FilterChainImpl.connection_connect(FilterChainImpl.java:142)
	at com.alibaba.druid.pool.DruidAbstractDataSource.createPhysicalConnection(DruidAbstractDataSource.java:1463)
	at com.alibaba.druid.pool.DruidAbstractDataSource.createPhysicalConnection(DruidAbstractDataSource.java:1525)
	at com.alibaba.druid.pool.DruidDataSource$CreateConnectionThread.run(DruidDataSource.java:2100)
Caused by: java.net.SocketException: Host is down
	at java.base/sun.nio.ch.Net.connect0(Native Method)
	at java.base/sun.nio.ch.Net.connect(Net.java:579)
	at java.base/sun.nio.ch.Net.connect(Net.java:568)
	at java.base/sun.nio.ch.NioSocketImpl.connect(NioSocketImpl.java:588)
	at java.base/java.net.SocksSocketImpl.connect(SocksSocketImpl.java:327)
	at java.base/java.net.Socket.connect(Socket.java:633)
	at dm.jdbc.a.c.d(SourceFile:110)
	at dm.jdbc.a.c.b(SourceFile:68)
	at dm.jdbc.a.c.g(SourceFile:1)
	at dm.jdbc.a.a.init(SourceFile:201)
	... 13 more

2025-07-02 23:58:29
[ERROR]-[Thread: Druid-ConnectionPool-Create-1773697361]-[com.alibaba.druid.pool.DruidDataSource$CreateConnectionThread.run()]: create connection error, url: jdbc:dm://192.168.1.6:5236/XLQCERP, errorCode 6001, state 08S01
dm.jdbc.driver.DMException: 网络通信异常
	at dm.jdbc.driver.DBError.throwException(SourceFile:807)
	at dm.jdbc.a.a.init(SourceFile:207)
	at dm.jdbc.a.a.<init>(SourceFile:174)
	at dm.jdbc.driver.DmdbConnection.openConnection(SourceFile:693)
	at dm.jdbc.internal.conf.EP.connect(SourceFile:143)
	at dm.jdbc.internal.conf.EPGroup$EPSelector.select(SourceFile:501)
	at dm.jdbc.internal.conf.EPGroup.connect(SourceFile:345)
	at dm.jdbc.driver.DmDriver.do_connect(SourceFile:164)
	at dm.jdbc.driver.DmDriver.connect(SourceFile:450)
	at com.alibaba.druid.filter.FilterChainImpl.connection_connect(FilterChainImpl.java:148)
	at com.alibaba.druid.filter.FilterAdapter.connection_connect(FilterAdapter.java:785)
	at com.alibaba.druid.filter.FilterChainImpl.connection_connect(FilterChainImpl.java:142)
	at com.alibaba.druid.pool.DruidAbstractDataSource.createPhysicalConnection(DruidAbstractDataSource.java:1463)
	at com.alibaba.druid.pool.DruidAbstractDataSource.createPhysicalConnection(DruidAbstractDataSource.java:1525)
	at com.alibaba.druid.pool.DruidDataSource$CreateConnectionThread.run(DruidDataSource.java:2100)
Caused by: java.net.SocketException: Host is down
	at java.base/sun.nio.ch.Net.connect0(Native Method)
	at java.base/sun.nio.ch.Net.connect(Net.java:579)
	at java.base/sun.nio.ch.Net.connect(Net.java:568)
	at java.base/sun.nio.ch.NioSocketImpl.connect(NioSocketImpl.java:588)
	at java.base/java.net.SocksSocketImpl.connect(SocksSocketImpl.java:327)
	at java.base/java.net.Socket.connect(Socket.java:633)
	at dm.jdbc.a.c.d(SourceFile:110)
	at dm.jdbc.a.c.b(SourceFile:68)
	at dm.jdbc.a.c.g(SourceFile:1)
	at dm.jdbc.a.a.init(SourceFile:201)
	... 13 more

2025-07-02 23:58:29
[ERROR]-[Thread: Druid-ConnectionPool-Create-1773697361]-[com.alibaba.druid.pool.DruidDataSource$CreateConnectionThread.run()]: create connection error, url: jdbc:dm://192.168.1.6:5236/XLQCERP, errorCode 6001, state 08S01
dm.jdbc.driver.DMException: 网络通信异常
	at dm.jdbc.driver.DBError.throwException(SourceFile:807)
	at dm.jdbc.a.a.init(SourceFile:207)
	at dm.jdbc.a.a.<init>(SourceFile:174)
	at dm.jdbc.driver.DmdbConnection.openConnection(SourceFile:693)
	at dm.jdbc.internal.conf.EP.connect(SourceFile:143)
	at dm.jdbc.internal.conf.EPGroup$EPSelector.select(SourceFile:501)
	at dm.jdbc.internal.conf.EPGroup.connect(SourceFile:345)
	at dm.jdbc.driver.DmDriver.do_connect(SourceFile:164)
	at dm.jdbc.driver.DmDriver.connect(SourceFile:450)
	at com.alibaba.druid.filter.FilterChainImpl.connection_connect(FilterChainImpl.java:148)
	at com.alibaba.druid.filter.FilterAdapter.connection_connect(FilterAdapter.java:785)
	at com.alibaba.druid.filter.FilterChainImpl.connection_connect(FilterChainImpl.java:142)
	at com.alibaba.druid.pool.DruidAbstractDataSource.createPhysicalConnection(DruidAbstractDataSource.java:1463)
	at com.alibaba.druid.pool.DruidAbstractDataSource.createPhysicalConnection(DruidAbstractDataSource.java:1525)
	at com.alibaba.druid.pool.DruidDataSource$CreateConnectionThread.run(DruidDataSource.java:2100)
Caused by: java.net.SocketException: Host is down
	at java.base/sun.nio.ch.Net.connect0(Native Method)
	at java.base/sun.nio.ch.Net.connect(Net.java:579)
	at java.base/sun.nio.ch.Net.connect(Net.java:568)
	at java.base/sun.nio.ch.NioSocketImpl.connect(NioSocketImpl.java:588)
	at java.base/java.net.SocksSocketImpl.connect(SocksSocketImpl.java:327)
	at java.base/java.net.Socket.connect(Socket.java:633)
	at dm.jdbc.a.c.d(SourceFile:110)
	at dm.jdbc.a.c.b(SourceFile:68)
	at dm.jdbc.a.c.g(SourceFile:1)
	at dm.jdbc.a.a.init(SourceFile:201)
	... 13 more

2025-07-02 23:58:29
[ERROR]-[Thread: Druid-ConnectionPool-Create-1773697361]-[com.alibaba.druid.pool.DruidDataSource$CreateConnectionThread.run()]: create connection error, url: jdbc:dm://192.168.1.6:5236/XLQCERP, errorCode 6001, state 08S01
dm.jdbc.driver.DMException: 网络通信异常
	at dm.jdbc.driver.DBError.throwException(SourceFile:807)
	at dm.jdbc.a.a.init(SourceFile:207)
	at dm.jdbc.a.a.<init>(SourceFile:174)
	at dm.jdbc.driver.DmdbConnection.openConnection(SourceFile:693)
	at dm.jdbc.internal.conf.EP.connect(SourceFile:143)
	at dm.jdbc.internal.conf.EPGroup$EPSelector.select(SourceFile:501)
	at dm.jdbc.internal.conf.EPGroup.connect(SourceFile:345)
	at dm.jdbc.driver.DmDriver.do_connect(SourceFile:164)
	at dm.jdbc.driver.DmDriver.connect(SourceFile:450)
	at com.alibaba.druid.filter.FilterChainImpl.connection_connect(FilterChainImpl.java:148)
	at com.alibaba.druid.filter.FilterAdapter.connection_connect(FilterAdapter.java:785)
	at com.alibaba.druid.filter.FilterChainImpl.connection_connect(FilterChainImpl.java:142)
	at com.alibaba.druid.pool.DruidAbstractDataSource.createPhysicalConnection(DruidAbstractDataSource.java:1463)
	at com.alibaba.druid.pool.DruidAbstractDataSource.createPhysicalConnection(DruidAbstractDataSource.java:1525)
	at com.alibaba.druid.pool.DruidDataSource$CreateConnectionThread.run(DruidDataSource.java:2100)
Caused by: java.net.SocketException: Host is down
	at java.base/sun.nio.ch.Net.connect0(Native Method)
	at java.base/sun.nio.ch.Net.connect(Net.java:579)
	at java.base/sun.nio.ch.Net.connect(Net.java:568)
	at java.base/sun.nio.ch.NioSocketImpl.connect(NioSocketImpl.java:588)
	at java.base/java.net.SocksSocketImpl.connect(SocksSocketImpl.java:327)
	at java.base/java.net.Socket.connect(Socket.java:633)
	at dm.jdbc.a.c.d(SourceFile:110)
	at dm.jdbc.a.c.b(SourceFile:68)
	at dm.jdbc.a.c.g(SourceFile:1)
	at dm.jdbc.a.a.init(SourceFile:201)
	... 13 more

2025-07-02 23:58:29
[ERROR]-[Thread: Druid-ConnectionPool-Create-1773697361]-[com.alibaba.druid.pool.DruidDataSource$CreateConnectionThread.run()]: create connection error, url: jdbc:dm://192.168.1.6:5236/XLQCERP, errorCode 6001, state 08S01
dm.jdbc.driver.DMException: 网络通信异常
	at dm.jdbc.driver.DBError.throwException(SourceFile:807)
	at dm.jdbc.a.a.init(SourceFile:207)
	at dm.jdbc.a.a.<init>(SourceFile:174)
	at dm.jdbc.driver.DmdbConnection.openConnection(SourceFile:693)
	at dm.jdbc.internal.conf.EP.connect(SourceFile:143)
	at dm.jdbc.internal.conf.EPGroup$EPSelector.select(SourceFile:501)
	at dm.jdbc.internal.conf.EPGroup.connect(SourceFile:345)
	at dm.jdbc.driver.DmDriver.do_connect(SourceFile:164)
	at dm.jdbc.driver.DmDriver.connect(SourceFile:450)
	at com.alibaba.druid.filter.FilterChainImpl.connection_connect(FilterChainImpl.java:148)
	at com.alibaba.druid.filter.FilterAdapter.connection_connect(FilterAdapter.java:785)
	at com.alibaba.druid.filter.FilterChainImpl.connection_connect(FilterChainImpl.java:142)
	at com.alibaba.druid.pool.DruidAbstractDataSource.createPhysicalConnection(DruidAbstractDataSource.java:1463)
	at com.alibaba.druid.pool.DruidAbstractDataSource.createPhysicalConnection(DruidAbstractDataSource.java:1525)
	at com.alibaba.druid.pool.DruidDataSource$CreateConnectionThread.run(DruidDataSource.java:2100)
Caused by: java.net.SocketException: Host is down
	at java.base/sun.nio.ch.Net.connect0(Native Method)
	at java.base/sun.nio.ch.Net.connect(Net.java:579)
	at java.base/sun.nio.ch.Net.connect(Net.java:568)
	at java.base/sun.nio.ch.NioSocketImpl.connect(NioSocketImpl.java:588)
	at java.base/java.net.SocksSocketImpl.connect(SocksSocketImpl.java:327)
	at java.base/java.net.Socket.connect(Socket.java:633)
	at dm.jdbc.a.c.d(SourceFile:110)
	at dm.jdbc.a.c.b(SourceFile:68)
	at dm.jdbc.a.c.g(SourceFile:1)
	at dm.jdbc.a.a.init(SourceFile:201)
	... 13 more

2025-07-02 23:58:29
[ERROR]-[Thread: Druid-ConnectionPool-Create-1773697361]-[com.alibaba.druid.pool.DruidDataSource$CreateConnectionThread.run()]: create connection error, url: jdbc:dm://192.168.1.6:5236/XLQCERP, errorCode 6001, state 08S01
dm.jdbc.driver.DMException: 网络通信异常
	at dm.jdbc.driver.DBError.throwException(SourceFile:807)
	at dm.jdbc.a.a.init(SourceFile:207)
	at dm.jdbc.a.a.<init>(SourceFile:174)
	at dm.jdbc.driver.DmdbConnection.openConnection(SourceFile:693)
	at dm.jdbc.internal.conf.EP.connect(SourceFile:143)
	at dm.jdbc.internal.conf.EPGroup$EPSelector.select(SourceFile:501)
	at dm.jdbc.internal.conf.EPGroup.connect(SourceFile:345)
	at dm.jdbc.driver.DmDriver.do_connect(SourceFile:164)
	at dm.jdbc.driver.DmDriver.connect(SourceFile:450)
	at com.alibaba.druid.filter.FilterChainImpl.connection_connect(FilterChainImpl.java:148)
	at com.alibaba.druid.filter.FilterAdapter.connection_connect(FilterAdapter.java:785)
	at com.alibaba.druid.filter.FilterChainImpl.connection_connect(FilterChainImpl.java:142)
	at com.alibaba.druid.pool.DruidAbstractDataSource.createPhysicalConnection(DruidAbstractDataSource.java:1463)
	at com.alibaba.druid.pool.DruidAbstractDataSource.createPhysicalConnection(DruidAbstractDataSource.java:1525)
	at com.alibaba.druid.pool.DruidDataSource$CreateConnectionThread.run(DruidDataSource.java:2100)
Caused by: java.net.SocketException: Host is down
	at java.base/sun.nio.ch.Net.connect0(Native Method)
	at java.base/sun.nio.ch.Net.connect(Net.java:579)
	at java.base/sun.nio.ch.Net.connect(Net.java:568)
	at java.base/sun.nio.ch.NioSocketImpl.connect(NioSocketImpl.java:588)
	at java.base/java.net.SocksSocketImpl.connect(SocksSocketImpl.java:327)
	at java.base/java.net.Socket.connect(Socket.java:633)
	at dm.jdbc.a.c.d(SourceFile:110)
	at dm.jdbc.a.c.b(SourceFile:68)
	at dm.jdbc.a.c.g(SourceFile:1)
	at dm.jdbc.a.a.init(SourceFile:201)
	... 13 more

2025-07-02 23:58:29
[ERROR]-[Thread: Druid-ConnectionPool-Create-1773697361]-[com.alibaba.druid.pool.DruidDataSource$CreateConnectionThread.run()]: create connection error, url: jdbc:dm://192.168.1.6:5236/XLQCERP, errorCode 6001, state 08S01
dm.jdbc.driver.DMException: 网络通信异常
	at dm.jdbc.driver.DBError.throwException(SourceFile:807)
	at dm.jdbc.a.a.init(SourceFile:207)
	at dm.jdbc.a.a.<init>(SourceFile:174)
	at dm.jdbc.driver.DmdbConnection.openConnection(SourceFile:693)
	at dm.jdbc.internal.conf.EP.connect(SourceFile:143)
	at dm.jdbc.internal.conf.EPGroup$EPSelector.select(SourceFile:501)
	at dm.jdbc.internal.conf.EPGroup.connect(SourceFile:345)
	at dm.jdbc.driver.DmDriver.do_connect(SourceFile:164)
	at dm.jdbc.driver.DmDriver.connect(SourceFile:450)
	at com.alibaba.druid.filter.FilterChainImpl.connection_connect(FilterChainImpl.java:148)
	at com.alibaba.druid.filter.FilterAdapter.connection_connect(FilterAdapter.java:785)
	at com.alibaba.druid.filter.FilterChainImpl.connection_connect(FilterChainImpl.java:142)
	at com.alibaba.druid.pool.DruidAbstractDataSource.createPhysicalConnection(DruidAbstractDataSource.java:1463)
	at com.alibaba.druid.pool.DruidAbstractDataSource.createPhysicalConnection(DruidAbstractDataSource.java:1525)
	at com.alibaba.druid.pool.DruidDataSource$CreateConnectionThread.run(DruidDataSource.java:2100)
Caused by: java.net.SocketException: Host is down
	at java.base/sun.nio.ch.Net.connect0(Native Method)
	at java.base/sun.nio.ch.Net.connect(Net.java:579)
	at java.base/sun.nio.ch.Net.connect(Net.java:568)
	at java.base/sun.nio.ch.NioSocketImpl.connect(NioSocketImpl.java:588)
	at java.base/java.net.SocksSocketImpl.connect(SocksSocketImpl.java:327)
	at java.base/java.net.Socket.connect(Socket.java:633)
	at dm.jdbc.a.c.d(SourceFile:110)
	at dm.jdbc.a.c.b(SourceFile:68)
	at dm.jdbc.a.c.g(SourceFile:1)
	at dm.jdbc.a.a.init(SourceFile:201)
	... 13 more

2025-07-02 23:58:29
[ERROR]-[Thread: Druid-ConnectionPool-Create-1773697361]-[com.alibaba.druid.pool.DruidDataSource$CreateConnectionThread.run()]: create connection error, url: jdbc:dm://192.168.1.6:5236/XLQCERP, errorCode 6001, state 08S01
dm.jdbc.driver.DMException: 网络通信异常
	at dm.jdbc.driver.DBError.throwException(SourceFile:807)
	at dm.jdbc.a.a.init(SourceFile:207)
	at dm.jdbc.a.a.<init>(SourceFile:174)
	at dm.jdbc.driver.DmdbConnection.openConnection(SourceFile:693)
	at dm.jdbc.internal.conf.EP.connect(SourceFile:143)
	at dm.jdbc.internal.conf.EPGroup$EPSelector.select(SourceFile:501)
	at dm.jdbc.internal.conf.EPGroup.connect(SourceFile:345)
	at dm.jdbc.driver.DmDriver.do_connect(SourceFile:164)
	at dm.jdbc.driver.DmDriver.connect(SourceFile:450)
	at com.alibaba.druid.filter.FilterChainImpl.connection_connect(FilterChainImpl.java:148)
	at com.alibaba.druid.filter.FilterAdapter.connection_connect(FilterAdapter.java:785)
	at com.alibaba.druid.filter.FilterChainImpl.connection_connect(FilterChainImpl.java:142)
	at com.alibaba.druid.pool.DruidAbstractDataSource.createPhysicalConnection(DruidAbstractDataSource.java:1463)
	at com.alibaba.druid.pool.DruidAbstractDataSource.createPhysicalConnection(DruidAbstractDataSource.java:1525)
	at com.alibaba.druid.pool.DruidDataSource$CreateConnectionThread.run(DruidDataSource.java:2100)
Caused by: java.net.SocketException: Host is down
	at java.base/sun.nio.ch.Net.connect0(Native Method)
	at java.base/sun.nio.ch.Net.connect(Net.java:579)
	at java.base/sun.nio.ch.Net.connect(Net.java:568)
	at java.base/sun.nio.ch.NioSocketImpl.connect(NioSocketImpl.java:588)
	at java.base/java.net.SocksSocketImpl.connect(SocksSocketImpl.java:327)
	at java.base/java.net.Socket.connect(Socket.java:633)
	at dm.jdbc.a.c.d(SourceFile:110)
	at dm.jdbc.a.c.b(SourceFile:68)
	at dm.jdbc.a.c.g(SourceFile:1)
	at dm.jdbc.a.a.init(SourceFile:201)
	... 13 more

2025-07-02 23:58:29
[ERROR]-[Thread: Druid-ConnectionPool-Create-1773697361]-[com.alibaba.druid.pool.DruidDataSource$CreateConnectionThread.run()]: create connection error, url: jdbc:dm://192.168.1.6:5236/XLQCERP, errorCode 6001, state 08S01
dm.jdbc.driver.DMException: 网络通信异常
	at dm.jdbc.driver.DBError.throwException(SourceFile:807)
	at dm.jdbc.a.a.init(SourceFile:207)
	at dm.jdbc.a.a.<init>(SourceFile:174)
	at dm.jdbc.driver.DmdbConnection.openConnection(SourceFile:693)
	at dm.jdbc.internal.conf.EP.connect(SourceFile:143)
	at dm.jdbc.internal.conf.EPGroup$EPSelector.select(SourceFile:501)
	at dm.jdbc.internal.conf.EPGroup.connect(SourceFile:345)
	at dm.jdbc.driver.DmDriver.do_connect(SourceFile:164)
	at dm.jdbc.driver.DmDriver.connect(SourceFile:450)
	at com.alibaba.druid.filter.FilterChainImpl.connection_connect(FilterChainImpl.java:148)
	at com.alibaba.druid.filter.FilterAdapter.connection_connect(FilterAdapter.java:785)
	at com.alibaba.druid.filter.FilterChainImpl.connection_connect(FilterChainImpl.java:142)
	at com.alibaba.druid.pool.DruidAbstractDataSource.createPhysicalConnection(DruidAbstractDataSource.java:1463)
	at com.alibaba.druid.pool.DruidAbstractDataSource.createPhysicalConnection(DruidAbstractDataSource.java:1525)
	at com.alibaba.druid.pool.DruidDataSource$CreateConnectionThread.run(DruidDataSource.java:2100)
Caused by: java.net.SocketException: Host is down
	at java.base/sun.nio.ch.Net.connect0(Native Method)
	at java.base/sun.nio.ch.Net.connect(Net.java:579)
	at java.base/sun.nio.ch.Net.connect(Net.java:568)
	at java.base/sun.nio.ch.NioSocketImpl.connect(NioSocketImpl.java:588)
	at java.base/java.net.SocksSocketImpl.connect(SocksSocketImpl.java:327)
	at java.base/java.net.Socket.connect(Socket.java:633)
	at dm.jdbc.a.c.d(SourceFile:110)
	at dm.jdbc.a.c.b(SourceFile:68)
	at dm.jdbc.a.c.g(SourceFile:1)
	at dm.jdbc.a.a.init(SourceFile:201)
	... 13 more

2025-07-02 23:58:29
[ERROR]-[Thread: Druid-ConnectionPool-Create-1773697361]-[com.alibaba.druid.pool.DruidDataSource$CreateConnectionThread.run()]: create connection error, url: jdbc:dm://192.168.1.6:5236/XLQCERP, errorCode 6001, state 08S01
dm.jdbc.driver.DMException: 网络通信异常
	at dm.jdbc.driver.DBError.throwException(SourceFile:807)
	at dm.jdbc.a.a.init(SourceFile:207)
	at dm.jdbc.a.a.<init>(SourceFile:174)
	at dm.jdbc.driver.DmdbConnection.openConnection(SourceFile:693)
	at dm.jdbc.internal.conf.EP.connect(SourceFile:143)
	at dm.jdbc.internal.conf.EPGroup$EPSelector.select(SourceFile:501)
	at dm.jdbc.internal.conf.EPGroup.connect(SourceFile:345)
	at dm.jdbc.driver.DmDriver.do_connect(SourceFile:164)
	at dm.jdbc.driver.DmDriver.connect(SourceFile:450)
	at com.alibaba.druid.filter.FilterChainImpl.connection_connect(FilterChainImpl.java:148)
	at com.alibaba.druid.filter.FilterAdapter.connection_connect(FilterAdapter.java:785)
	at com.alibaba.druid.filter.FilterChainImpl.connection_connect(FilterChainImpl.java:142)
	at com.alibaba.druid.pool.DruidAbstractDataSource.createPhysicalConnection(DruidAbstractDataSource.java:1463)
	at com.alibaba.druid.pool.DruidAbstractDataSource.createPhysicalConnection(DruidAbstractDataSource.java:1525)
	at com.alibaba.druid.pool.DruidDataSource$CreateConnectionThread.run(DruidDataSource.java:2100)
Caused by: java.net.SocketException: Host is down
	at java.base/sun.nio.ch.Net.connect0(Native Method)
	at java.base/sun.nio.ch.Net.connect(Net.java:579)
	at java.base/sun.nio.ch.Net.connect(Net.java:568)
	at java.base/sun.nio.ch.NioSocketImpl.connect(NioSocketImpl.java:588)
	at java.base/java.net.SocksSocketImpl.connect(SocksSocketImpl.java:327)
	at java.base/java.net.Socket.connect(Socket.java:633)
	at dm.jdbc.a.c.d(SourceFile:110)
	at dm.jdbc.a.c.b(SourceFile:68)
	at dm.jdbc.a.c.g(SourceFile:1)
	at dm.jdbc.a.a.init(SourceFile:201)
	... 13 more

2025-07-02 23:58:29
[ERROR]-[Thread: Druid-ConnectionPool-Create-1773697361]-[com.alibaba.druid.pool.DruidDataSource$CreateConnectionThread.run()]: create connection error, url: jdbc:dm://192.168.1.6:5236/XLQCERP, errorCode 6001, state 08S01
dm.jdbc.driver.DMException: 网络通信异常
	at dm.jdbc.driver.DBError.throwException(SourceFile:807)
	at dm.jdbc.a.a.init(SourceFile:207)
	at dm.jdbc.a.a.<init>(SourceFile:174)
	at dm.jdbc.driver.DmdbConnection.openConnection(SourceFile:693)
	at dm.jdbc.internal.conf.EP.connect(SourceFile:143)
	at dm.jdbc.internal.conf.EPGroup$EPSelector.select(SourceFile:501)
	at dm.jdbc.internal.conf.EPGroup.connect(SourceFile:345)
	at dm.jdbc.driver.DmDriver.do_connect(SourceFile:164)
	at dm.jdbc.driver.DmDriver.connect(SourceFile:450)
	at com.alibaba.druid.filter.FilterChainImpl.connection_connect(FilterChainImpl.java:148)
	at com.alibaba.druid.filter.FilterAdapter.connection_connect(FilterAdapter.java:785)
	at com.alibaba.druid.filter.FilterChainImpl.connection_connect(FilterChainImpl.java:142)
	at com.alibaba.druid.pool.DruidAbstractDataSource.createPhysicalConnection(DruidAbstractDataSource.java:1463)
	at com.alibaba.druid.pool.DruidAbstractDataSource.createPhysicalConnection(DruidAbstractDataSource.java:1525)
	at com.alibaba.druid.pool.DruidDataSource$CreateConnectionThread.run(DruidDataSource.java:2100)
Caused by: java.net.SocketException: Host is down
	at java.base/sun.nio.ch.Net.connect0(Native Method)
	at java.base/sun.nio.ch.Net.connect(Net.java:579)
	at java.base/sun.nio.ch.Net.connect(Net.java:568)
	at java.base/sun.nio.ch.NioSocketImpl.connect(NioSocketImpl.java:588)
	at java.base/java.net.SocksSocketImpl.connect(SocksSocketImpl.java:327)
	at java.base/java.net.Socket.connect(Socket.java:633)
	at dm.jdbc.a.c.d(SourceFile:110)
	at dm.jdbc.a.c.b(SourceFile:68)
	at dm.jdbc.a.c.g(SourceFile:1)
	at dm.jdbc.a.a.init(SourceFile:201)
	... 13 more

2025-07-02 23:58:30
[ERROR]-[Thread: Druid-ConnectionPool-Create-1773697361]-[com.alibaba.druid.pool.DruidDataSource$CreateConnectionThread.run()]: create connection error, url: jdbc:dm://192.168.1.6:5236/XLQCERP, errorCode 6001, state 08S01
dm.jdbc.driver.DMException: 网络通信异常
	at dm.jdbc.driver.DBError.throwException(SourceFile:807)
	at dm.jdbc.a.a.init(SourceFile:207)
	at dm.jdbc.a.a.<init>(SourceFile:174)
	at dm.jdbc.driver.DmdbConnection.openConnection(SourceFile:693)
	at dm.jdbc.internal.conf.EP.connect(SourceFile:143)
	at dm.jdbc.internal.conf.EPGroup$EPSelector.select(SourceFile:501)
	at dm.jdbc.internal.conf.EPGroup.connect(SourceFile:345)
	at dm.jdbc.driver.DmDriver.do_connect(SourceFile:164)
	at dm.jdbc.driver.DmDriver.connect(SourceFile:450)
	at com.alibaba.druid.filter.FilterChainImpl.connection_connect(FilterChainImpl.java:148)
	at com.alibaba.druid.filter.FilterAdapter.connection_connect(FilterAdapter.java:785)
	at com.alibaba.druid.filter.FilterChainImpl.connection_connect(FilterChainImpl.java:142)
	at com.alibaba.druid.pool.DruidAbstractDataSource.createPhysicalConnection(DruidAbstractDataSource.java:1463)
	at com.alibaba.druid.pool.DruidAbstractDataSource.createPhysicalConnection(DruidAbstractDataSource.java:1525)
	at com.alibaba.druid.pool.DruidDataSource$CreateConnectionThread.run(DruidDataSource.java:2100)
Caused by: java.net.SocketException: Host is down
	at java.base/sun.nio.ch.Net.connect0(Native Method)
	at java.base/sun.nio.ch.Net.connect(Net.java:579)
	at java.base/sun.nio.ch.Net.connect(Net.java:568)
	at java.base/sun.nio.ch.NioSocketImpl.connect(NioSocketImpl.java:588)
	at java.base/java.net.SocksSocketImpl.connect(SocksSocketImpl.java:327)
	at java.base/java.net.Socket.connect(Socket.java:633)
	at dm.jdbc.a.c.d(SourceFile:110)
	at dm.jdbc.a.c.b(SourceFile:68)
	at dm.jdbc.a.c.g(SourceFile:1)
	at dm.jdbc.a.a.init(SourceFile:201)
	... 13 more

2025-07-02 23:58:30
[ERROR]-[Thread: Druid-ConnectionPool-Create-1773697361]-[com.alibaba.druid.pool.DruidDataSource$CreateConnectionThread.run()]: create connection error, url: jdbc:dm://192.168.1.6:5236/XLQCERP, errorCode 6001, state 08S01
dm.jdbc.driver.DMException: 网络通信异常
	at dm.jdbc.driver.DBError.throwException(SourceFile:807)
	at dm.jdbc.a.a.init(SourceFile:207)
	at dm.jdbc.a.a.<init>(SourceFile:174)
	at dm.jdbc.driver.DmdbConnection.openConnection(SourceFile:693)
	at dm.jdbc.internal.conf.EP.connect(SourceFile:143)
	at dm.jdbc.internal.conf.EPGroup$EPSelector.select(SourceFile:501)
	at dm.jdbc.internal.conf.EPGroup.connect(SourceFile:345)
	at dm.jdbc.driver.DmDriver.do_connect(SourceFile:164)
	at dm.jdbc.driver.DmDriver.connect(SourceFile:450)
	at com.alibaba.druid.filter.FilterChainImpl.connection_connect(FilterChainImpl.java:148)
	at com.alibaba.druid.filter.FilterAdapter.connection_connect(FilterAdapter.java:785)
	at com.alibaba.druid.filter.FilterChainImpl.connection_connect(FilterChainImpl.java:142)
	at com.alibaba.druid.pool.DruidAbstractDataSource.createPhysicalConnection(DruidAbstractDataSource.java:1463)
	at com.alibaba.druid.pool.DruidAbstractDataSource.createPhysicalConnection(DruidAbstractDataSource.java:1525)
	at com.alibaba.druid.pool.DruidDataSource$CreateConnectionThread.run(DruidDataSource.java:2100)
Caused by: java.net.SocketException: Host is down
	at java.base/sun.nio.ch.Net.connect0(Native Method)
	at java.base/sun.nio.ch.Net.connect(Net.java:579)
	at java.base/sun.nio.ch.Net.connect(Net.java:568)
	at java.base/sun.nio.ch.NioSocketImpl.connect(NioSocketImpl.java:588)
	at java.base/java.net.SocksSocketImpl.connect(SocksSocketImpl.java:327)
	at java.base/java.net.Socket.connect(Socket.java:633)
	at dm.jdbc.a.c.d(SourceFile:110)
	at dm.jdbc.a.c.b(SourceFile:68)
	at dm.jdbc.a.c.g(SourceFile:1)
	at dm.jdbc.a.a.init(SourceFile:201)
	... 13 more

2025-07-02 23:58:31
[ERROR]-[Thread: Druid-ConnectionPool-Create-1773697361]-[com.alibaba.druid.pool.DruidDataSource$CreateConnectionThread.run()]: create connection error, url: jdbc:dm://192.168.1.6:5236/XLQCERP, errorCode 6001, state 08S01
dm.jdbc.driver.DMException: 网络通信异常
	at dm.jdbc.driver.DBError.throwException(SourceFile:807)
	at dm.jdbc.a.a.init(SourceFile:207)
	at dm.jdbc.a.a.<init>(SourceFile:174)
	at dm.jdbc.driver.DmdbConnection.openConnection(SourceFile:693)
	at dm.jdbc.internal.conf.EP.connect(SourceFile:143)
	at dm.jdbc.internal.conf.EPGroup$EPSelector.select(SourceFile:501)
	at dm.jdbc.internal.conf.EPGroup.connect(SourceFile:345)
	at dm.jdbc.driver.DmDriver.do_connect(SourceFile:164)
	at dm.jdbc.driver.DmDriver.connect(SourceFile:450)
	at com.alibaba.druid.filter.FilterChainImpl.connection_connect(FilterChainImpl.java:148)
	at com.alibaba.druid.filter.FilterAdapter.connection_connect(FilterAdapter.java:785)
	at com.alibaba.druid.filter.FilterChainImpl.connection_connect(FilterChainImpl.java:142)
	at com.alibaba.druid.pool.DruidAbstractDataSource.createPhysicalConnection(DruidAbstractDataSource.java:1463)
	at com.alibaba.druid.pool.DruidAbstractDataSource.createPhysicalConnection(DruidAbstractDataSource.java:1525)
	at com.alibaba.druid.pool.DruidDataSource$CreateConnectionThread.run(DruidDataSource.java:2100)
Caused by: java.net.SocketException: Host is down
	at java.base/sun.nio.ch.Net.connect0(Native Method)
	at java.base/sun.nio.ch.Net.connect(Net.java:579)
	at java.base/sun.nio.ch.Net.connect(Net.java:568)
	at java.base/sun.nio.ch.NioSocketImpl.connect(NioSocketImpl.java:588)
	at java.base/java.net.SocksSocketImpl.connect(SocksSocketImpl.java:327)
	at java.base/java.net.Socket.connect(Socket.java:633)
	at dm.jdbc.a.c.d(SourceFile:110)
	at dm.jdbc.a.c.b(SourceFile:68)
	at dm.jdbc.a.c.g(SourceFile:1)
	at dm.jdbc.a.a.init(SourceFile:201)
	... 13 more

2025-07-02 23:58:31
[ERROR]-[Thread: Druid-ConnectionPool-Create-1773697361]-[com.alibaba.druid.pool.DruidDataSource$CreateConnectionThread.run()]: create connection error, url: jdbc:dm://192.168.1.6:5236/XLQCERP, errorCode 6001, state 08S01
dm.jdbc.driver.DMException: 网络通信异常
	at dm.jdbc.driver.DBError.throwException(SourceFile:807)
	at dm.jdbc.a.a.init(SourceFile:207)
	at dm.jdbc.a.a.<init>(SourceFile:174)
	at dm.jdbc.driver.DmdbConnection.openConnection(SourceFile:693)
	at dm.jdbc.internal.conf.EP.connect(SourceFile:143)
	at dm.jdbc.internal.conf.EPGroup$EPSelector.select(SourceFile:501)
	at dm.jdbc.internal.conf.EPGroup.connect(SourceFile:345)
	at dm.jdbc.driver.DmDriver.do_connect(SourceFile:164)
	at dm.jdbc.driver.DmDriver.connect(SourceFile:450)
	at com.alibaba.druid.filter.FilterChainImpl.connection_connect(FilterChainImpl.java:148)
	at com.alibaba.druid.filter.FilterAdapter.connection_connect(FilterAdapter.java:785)
	at com.alibaba.druid.filter.FilterChainImpl.connection_connect(FilterChainImpl.java:142)
	at com.alibaba.druid.pool.DruidAbstractDataSource.createPhysicalConnection(DruidAbstractDataSource.java:1463)
	at com.alibaba.druid.pool.DruidAbstractDataSource.createPhysicalConnection(DruidAbstractDataSource.java:1525)
	at com.alibaba.druid.pool.DruidDataSource$CreateConnectionThread.run(DruidDataSource.java:2100)
Caused by: java.net.SocketException: Host is down
	at java.base/sun.nio.ch.Net.connect0(Native Method)
	at java.base/sun.nio.ch.Net.connect(Net.java:579)
	at java.base/sun.nio.ch.Net.connect(Net.java:568)
	at java.base/sun.nio.ch.NioSocketImpl.connect(NioSocketImpl.java:588)
	at java.base/java.net.SocksSocketImpl.connect(SocksSocketImpl.java:327)
	at java.base/java.net.Socket.connect(Socket.java:633)
	at dm.jdbc.a.c.d(SourceFile:110)
	at dm.jdbc.a.c.b(SourceFile:68)
	at dm.jdbc.a.c.g(SourceFile:1)
	at dm.jdbc.a.a.init(SourceFile:201)
	... 13 more

2025-07-02 23:58:32
[ERROR]-[Thread: Druid-ConnectionPool-Create-1773697361]-[com.alibaba.druid.pool.DruidDataSource$CreateConnectionThread.run()]: create connection error, url: jdbc:dm://192.168.1.6:5236/XLQCERP, errorCode 6001, state 08S01
dm.jdbc.driver.DMException: 网络通信异常
	at dm.jdbc.driver.DBError.throwException(SourceFile:807)
	at dm.jdbc.a.a.init(SourceFile:207)
	at dm.jdbc.a.a.<init>(SourceFile:174)
	at dm.jdbc.driver.DmdbConnection.openConnection(SourceFile:693)
	at dm.jdbc.internal.conf.EP.connect(SourceFile:143)
	at dm.jdbc.internal.conf.EPGroup$EPSelector.select(SourceFile:501)
	at dm.jdbc.internal.conf.EPGroup.connect(SourceFile:345)
	at dm.jdbc.driver.DmDriver.do_connect(SourceFile:164)
	at dm.jdbc.driver.DmDriver.connect(SourceFile:450)
	at com.alibaba.druid.filter.FilterChainImpl.connection_connect(FilterChainImpl.java:148)
	at com.alibaba.druid.filter.FilterAdapter.connection_connect(FilterAdapter.java:785)
	at com.alibaba.druid.filter.FilterChainImpl.connection_connect(FilterChainImpl.java:142)
	at com.alibaba.druid.pool.DruidAbstractDataSource.createPhysicalConnection(DruidAbstractDataSource.java:1463)
	at com.alibaba.druid.pool.DruidAbstractDataSource.createPhysicalConnection(DruidAbstractDataSource.java:1525)
	at com.alibaba.druid.pool.DruidDataSource$CreateConnectionThread.run(DruidDataSource.java:2100)
Caused by: java.net.SocketException: Host is down
	at java.base/sun.nio.ch.Net.connect0(Native Method)
	at java.base/sun.nio.ch.Net.connect(Net.java:579)
	at java.base/sun.nio.ch.Net.connect(Net.java:568)
	at java.base/sun.nio.ch.NioSocketImpl.connect(NioSocketImpl.java:588)
	at java.base/java.net.SocksSocketImpl.connect(SocksSocketImpl.java:327)
	at java.base/java.net.Socket.connect(Socket.java:633)
	at dm.jdbc.a.c.d(SourceFile:110)
	at dm.jdbc.a.c.b(SourceFile:68)
	at dm.jdbc.a.c.g(SourceFile:1)
	at dm.jdbc.a.a.init(SourceFile:201)
	... 13 more

2025-07-02 23:58:32
[ERROR]-[Thread: Druid-ConnectionPool-Create-1773697361]-[com.alibaba.druid.pool.DruidDataSource$CreateConnectionThread.run()]: create connection error, url: jdbc:dm://192.168.1.6:5236/XLQCERP, errorCode 6001, state 08S01
dm.jdbc.driver.DMException: 网络通信异常
	at dm.jdbc.driver.DBError.throwException(SourceFile:807)
	at dm.jdbc.a.a.init(SourceFile:207)
	at dm.jdbc.a.a.<init>(SourceFile:174)
	at dm.jdbc.driver.DmdbConnection.openConnection(SourceFile:693)
	at dm.jdbc.internal.conf.EP.connect(SourceFile:143)
	at dm.jdbc.internal.conf.EPGroup$EPSelector.select(SourceFile:501)
	at dm.jdbc.internal.conf.EPGroup.connect(SourceFile:345)
	at dm.jdbc.driver.DmDriver.do_connect(SourceFile:164)
	at dm.jdbc.driver.DmDriver.connect(SourceFile:450)
	at com.alibaba.druid.filter.FilterChainImpl.connection_connect(FilterChainImpl.java:148)
	at com.alibaba.druid.filter.FilterAdapter.connection_connect(FilterAdapter.java:785)
	at com.alibaba.druid.filter.FilterChainImpl.connection_connect(FilterChainImpl.java:142)
	at com.alibaba.druid.pool.DruidAbstractDataSource.createPhysicalConnection(DruidAbstractDataSource.java:1463)
	at com.alibaba.druid.pool.DruidAbstractDataSource.createPhysicalConnection(DruidAbstractDataSource.java:1525)
	at com.alibaba.druid.pool.DruidDataSource$CreateConnectionThread.run(DruidDataSource.java:2100)
Caused by: java.net.SocketException: Host is down
	at java.base/sun.nio.ch.Net.connect0(Native Method)
	at java.base/sun.nio.ch.Net.connect(Net.java:579)
	at java.base/sun.nio.ch.Net.connect(Net.java:568)
	at java.base/sun.nio.ch.NioSocketImpl.connect(NioSocketImpl.java:588)
	at java.base/java.net.SocksSocketImpl.connect(SocksSocketImpl.java:327)
	at java.base/java.net.Socket.connect(Socket.java:633)
	at dm.jdbc.a.c.d(SourceFile:110)
	at dm.jdbc.a.c.b(SourceFile:68)
	at dm.jdbc.a.c.g(SourceFile:1)
	at dm.jdbc.a.a.init(SourceFile:201)
	... 13 more

2025-07-02 23:58:33
[ERROR]-[Thread: Druid-ConnectionPool-Create-1773697361]-[com.alibaba.druid.pool.DruidDataSource$CreateConnectionThread.run()]: create connection error, url: jdbc:dm://192.168.1.6:5236/XLQCERP, errorCode 6001, state 08S01
dm.jdbc.driver.DMException: 网络通信异常
	at dm.jdbc.driver.DBError.throwException(SourceFile:807)
	at dm.jdbc.a.a.init(SourceFile:207)
	at dm.jdbc.a.a.<init>(SourceFile:174)
	at dm.jdbc.driver.DmdbConnection.openConnection(SourceFile:693)
	at dm.jdbc.internal.conf.EP.connect(SourceFile:143)
	at dm.jdbc.internal.conf.EPGroup$EPSelector.select(SourceFile:501)
	at dm.jdbc.internal.conf.EPGroup.connect(SourceFile:345)
	at dm.jdbc.driver.DmDriver.do_connect(SourceFile:164)
	at dm.jdbc.driver.DmDriver.connect(SourceFile:450)
	at com.alibaba.druid.filter.FilterChainImpl.connection_connect(FilterChainImpl.java:148)
	at com.alibaba.druid.filter.FilterAdapter.connection_connect(FilterAdapter.java:785)
	at com.alibaba.druid.filter.FilterChainImpl.connection_connect(FilterChainImpl.java:142)
	at com.alibaba.druid.pool.DruidAbstractDataSource.createPhysicalConnection(DruidAbstractDataSource.java:1463)
	at com.alibaba.druid.pool.DruidAbstractDataSource.createPhysicalConnection(DruidAbstractDataSource.java:1525)
	at com.alibaba.druid.pool.DruidDataSource$CreateConnectionThread.run(DruidDataSource.java:2100)
Caused by: java.net.SocketException: Host is down
	at java.base/sun.nio.ch.Net.connect0(Native Method)
	at java.base/sun.nio.ch.Net.connect(Net.java:579)
	at java.base/sun.nio.ch.Net.connect(Net.java:568)
	at java.base/sun.nio.ch.NioSocketImpl.connect(NioSocketImpl.java:588)
	at java.base/java.net.SocksSocketImpl.connect(SocksSocketImpl.java:327)
	at java.base/java.net.Socket.connect(Socket.java:633)
	at dm.jdbc.a.c.d(SourceFile:110)
	at dm.jdbc.a.c.b(SourceFile:68)
	at dm.jdbc.a.c.g(SourceFile:1)
	at dm.jdbc.a.a.init(SourceFile:201)
	... 13 more

2025-07-02 23:58:33
[ERROR]-[Thread: Druid-ConnectionPool-Create-1773697361]-[com.alibaba.druid.pool.DruidDataSource$CreateConnectionThread.run()]: create connection error, url: jdbc:dm://192.168.1.6:5236/XLQCERP, errorCode 6001, state 08S01
dm.jdbc.driver.DMException: 网络通信异常
	at dm.jdbc.driver.DBError.throwException(SourceFile:807)
	at dm.jdbc.a.a.init(SourceFile:207)
	at dm.jdbc.a.a.<init>(SourceFile:174)
	at dm.jdbc.driver.DmdbConnection.openConnection(SourceFile:693)
	at dm.jdbc.internal.conf.EP.connect(SourceFile:143)
	at dm.jdbc.internal.conf.EPGroup$EPSelector.select(SourceFile:501)
	at dm.jdbc.internal.conf.EPGroup.connect(SourceFile:345)
	at dm.jdbc.driver.DmDriver.do_connect(SourceFile:164)
	at dm.jdbc.driver.DmDriver.connect(SourceFile:450)
	at com.alibaba.druid.filter.FilterChainImpl.connection_connect(FilterChainImpl.java:148)
	at com.alibaba.druid.filter.FilterAdapter.connection_connect(FilterAdapter.java:785)
	at com.alibaba.druid.filter.FilterChainImpl.connection_connect(FilterChainImpl.java:142)
	at com.alibaba.druid.pool.DruidAbstractDataSource.createPhysicalConnection(DruidAbstractDataSource.java:1463)
	at com.alibaba.druid.pool.DruidAbstractDataSource.createPhysicalConnection(DruidAbstractDataSource.java:1525)
	at com.alibaba.druid.pool.DruidDataSource$CreateConnectionThread.run(DruidDataSource.java:2100)
Caused by: java.net.SocketException: Host is down
	at java.base/sun.nio.ch.Net.connect0(Native Method)
	at java.base/sun.nio.ch.Net.connect(Net.java:579)
	at java.base/sun.nio.ch.Net.connect(Net.java:568)
	at java.base/sun.nio.ch.NioSocketImpl.connect(NioSocketImpl.java:588)
	at java.base/java.net.SocksSocketImpl.connect(SocksSocketImpl.java:327)
	at java.base/java.net.Socket.connect(Socket.java:633)
	at dm.jdbc.a.c.d(SourceFile:110)
	at dm.jdbc.a.c.b(SourceFile:68)
	at dm.jdbc.a.c.g(SourceFile:1)
	at dm.jdbc.a.a.init(SourceFile:201)
	... 13 more

2025-07-02 23:58:34
[ERROR]-[Thread: Druid-ConnectionPool-Create-1773697361]-[com.alibaba.druid.pool.DruidDataSource$CreateConnectionThread.run()]: create connection error, url: jdbc:dm://192.168.1.6:5236/XLQCERP, errorCode 6001, state 08S01
dm.jdbc.driver.DMException: 网络通信异常
	at dm.jdbc.driver.DBError.throwException(SourceFile:807)
	at dm.jdbc.a.a.init(SourceFile:207)
	at dm.jdbc.a.a.<init>(SourceFile:174)
	at dm.jdbc.driver.DmdbConnection.openConnection(SourceFile:693)
	at dm.jdbc.internal.conf.EP.connect(SourceFile:143)
	at dm.jdbc.internal.conf.EPGroup$EPSelector.select(SourceFile:501)
	at dm.jdbc.internal.conf.EPGroup.connect(SourceFile:345)
	at dm.jdbc.driver.DmDriver.do_connect(SourceFile:164)
	at dm.jdbc.driver.DmDriver.connect(SourceFile:450)
	at com.alibaba.druid.filter.FilterChainImpl.connection_connect(FilterChainImpl.java:148)
	at com.alibaba.druid.filter.FilterAdapter.connection_connect(FilterAdapter.java:785)
	at com.alibaba.druid.filter.FilterChainImpl.connection_connect(FilterChainImpl.java:142)
	at com.alibaba.druid.pool.DruidAbstractDataSource.createPhysicalConnection(DruidAbstractDataSource.java:1463)
	at com.alibaba.druid.pool.DruidAbstractDataSource.createPhysicalConnection(DruidAbstractDataSource.java:1525)
	at com.alibaba.druid.pool.DruidDataSource$CreateConnectionThread.run(DruidDataSource.java:2100)
Caused by: java.net.SocketException: Host is down
	at java.base/sun.nio.ch.Net.connect0(Native Method)
	at java.base/sun.nio.ch.Net.connect(Net.java:579)
	at java.base/sun.nio.ch.Net.connect(Net.java:568)
	at java.base/sun.nio.ch.NioSocketImpl.connect(NioSocketImpl.java:588)
	at java.base/java.net.SocksSocketImpl.connect(SocksSocketImpl.java:327)
	at java.base/java.net.Socket.connect(Socket.java:633)
	at dm.jdbc.a.c.d(SourceFile:110)
	at dm.jdbc.a.c.b(SourceFile:68)
	at dm.jdbc.a.c.g(SourceFile:1)
	at dm.jdbc.a.a.init(SourceFile:201)
	... 13 more

2025-07-02 23:58:34
[ERROR]-[Thread: Druid-ConnectionPool-Create-1773697361]-[com.alibaba.druid.pool.DruidDataSource$CreateConnectionThread.run()]: create connection error, url: jdbc:dm://192.168.1.6:5236/XLQCERP, errorCode 6001, state 08S01
dm.jdbc.driver.DMException: 网络通信异常
	at dm.jdbc.driver.DBError.throwException(SourceFile:807)
	at dm.jdbc.a.a.init(SourceFile:207)
	at dm.jdbc.a.a.<init>(SourceFile:174)
	at dm.jdbc.driver.DmdbConnection.openConnection(SourceFile:693)
	at dm.jdbc.internal.conf.EP.connect(SourceFile:143)
	at dm.jdbc.internal.conf.EPGroup$EPSelector.select(SourceFile:501)
	at dm.jdbc.internal.conf.EPGroup.connect(SourceFile:345)
	at dm.jdbc.driver.DmDriver.do_connect(SourceFile:164)
	at dm.jdbc.driver.DmDriver.connect(SourceFile:450)
	at com.alibaba.druid.filter.FilterChainImpl.connection_connect(FilterChainImpl.java:148)
	at com.alibaba.druid.filter.FilterAdapter.connection_connect(FilterAdapter.java:785)
	at com.alibaba.druid.filter.FilterChainImpl.connection_connect(FilterChainImpl.java:142)
	at com.alibaba.druid.pool.DruidAbstractDataSource.createPhysicalConnection(DruidAbstractDataSource.java:1463)
	at com.alibaba.druid.pool.DruidAbstractDataSource.createPhysicalConnection(DruidAbstractDataSource.java:1525)
	at com.alibaba.druid.pool.DruidDataSource$CreateConnectionThread.run(DruidDataSource.java:2100)
Caused by: java.net.SocketException: Host is down
	at java.base/sun.nio.ch.Net.connect0(Native Method)
	at java.base/sun.nio.ch.Net.connect(Net.java:579)
	at java.base/sun.nio.ch.Net.connect(Net.java:568)
	at java.base/sun.nio.ch.NioSocketImpl.connect(NioSocketImpl.java:588)
	at java.base/java.net.SocksSocketImpl.connect(SocksSocketImpl.java:327)
	at java.base/java.net.Socket.connect(Socket.java:633)
	at dm.jdbc.a.c.d(SourceFile:110)
	at dm.jdbc.a.c.b(SourceFile:68)
	at dm.jdbc.a.c.g(SourceFile:1)
	at dm.jdbc.a.a.init(SourceFile:201)
	... 13 more

2025-07-02 23:58:35
[ERROR]-[Thread: Druid-ConnectionPool-Create-1773697361]-[com.alibaba.druid.pool.DruidDataSource$CreateConnectionThread.run()]: create connection error, url: jdbc:dm://192.168.1.6:5236/XLQCERP, errorCode 6001, state 08S01
dm.jdbc.driver.DMException: 网络通信异常
	at dm.jdbc.driver.DBError.throwException(SourceFile:807)
	at dm.jdbc.a.a.init(SourceFile:207)
	at dm.jdbc.a.a.<init>(SourceFile:174)
	at dm.jdbc.driver.DmdbConnection.openConnection(SourceFile:693)
	at dm.jdbc.internal.conf.EP.connect(SourceFile:143)
	at dm.jdbc.internal.conf.EPGroup$EPSelector.select(SourceFile:501)
	at dm.jdbc.internal.conf.EPGroup.connect(SourceFile:345)
	at dm.jdbc.driver.DmDriver.do_connect(SourceFile:164)
	at dm.jdbc.driver.DmDriver.connect(SourceFile:450)
	at com.alibaba.druid.filter.FilterChainImpl.connection_connect(FilterChainImpl.java:148)
	at com.alibaba.druid.filter.FilterAdapter.connection_connect(FilterAdapter.java:785)
	at com.alibaba.druid.filter.FilterChainImpl.connection_connect(FilterChainImpl.java:142)
	at com.alibaba.druid.pool.DruidAbstractDataSource.createPhysicalConnection(DruidAbstractDataSource.java:1463)
	at com.alibaba.druid.pool.DruidAbstractDataSource.createPhysicalConnection(DruidAbstractDataSource.java:1525)
	at com.alibaba.druid.pool.DruidDataSource$CreateConnectionThread.run(DruidDataSource.java:2100)
Caused by: java.net.SocketException: Host is down
	at java.base/sun.nio.ch.Net.connect0(Native Method)
	at java.base/sun.nio.ch.Net.connect(Net.java:579)
	at java.base/sun.nio.ch.Net.connect(Net.java:568)
	at java.base/sun.nio.ch.NioSocketImpl.connect(NioSocketImpl.java:588)
	at java.base/java.net.SocksSocketImpl.connect(SocksSocketImpl.java:327)
	at java.base/java.net.Socket.connect(Socket.java:633)
	at dm.jdbc.a.c.d(SourceFile:110)
	at dm.jdbc.a.c.b(SourceFile:68)
	at dm.jdbc.a.c.g(SourceFile:1)
	at dm.jdbc.a.a.init(SourceFile:201)
	... 13 more

2025-07-02 23:58:35
[ERROR]-[Thread: Druid-ConnectionPool-Create-1773697361]-[com.alibaba.druid.pool.DruidDataSource$CreateConnectionThread.run()]: create connection error, url: jdbc:dm://192.168.1.6:5236/XLQCERP, errorCode 6001, state 08S01
dm.jdbc.driver.DMException: 网络通信异常
	at dm.jdbc.driver.DBError.throwException(SourceFile:807)
	at dm.jdbc.a.a.init(SourceFile:207)
	at dm.jdbc.a.a.<init>(SourceFile:174)
	at dm.jdbc.driver.DmdbConnection.openConnection(SourceFile:693)
	at dm.jdbc.internal.conf.EP.connect(SourceFile:143)
	at dm.jdbc.internal.conf.EPGroup$EPSelector.select(SourceFile:501)
	at dm.jdbc.internal.conf.EPGroup.connect(SourceFile:345)
	at dm.jdbc.driver.DmDriver.do_connect(SourceFile:164)
	at dm.jdbc.driver.DmDriver.connect(SourceFile:450)
	at com.alibaba.druid.filter.FilterChainImpl.connection_connect(FilterChainImpl.java:148)
	at com.alibaba.druid.filter.FilterAdapter.connection_connect(FilterAdapter.java:785)
	at com.alibaba.druid.filter.FilterChainImpl.connection_connect(FilterChainImpl.java:142)
	at com.alibaba.druid.pool.DruidAbstractDataSource.createPhysicalConnection(DruidAbstractDataSource.java:1463)
	at com.alibaba.druid.pool.DruidAbstractDataSource.createPhysicalConnection(DruidAbstractDataSource.java:1525)
	at com.alibaba.druid.pool.DruidDataSource$CreateConnectionThread.run(DruidDataSource.java:2100)
Caused by: java.net.SocketException: Host is down
	at java.base/sun.nio.ch.Net.connect0(Native Method)
	at java.base/sun.nio.ch.Net.connect(Net.java:579)
	at java.base/sun.nio.ch.Net.connect(Net.java:568)
	at java.base/sun.nio.ch.NioSocketImpl.connect(NioSocketImpl.java:588)
	at java.base/java.net.SocksSocketImpl.connect(SocksSocketImpl.java:327)
	at java.base/java.net.Socket.connect(Socket.java:633)
	at dm.jdbc.a.c.d(SourceFile:110)
	at dm.jdbc.a.c.b(SourceFile:68)
	at dm.jdbc.a.c.g(SourceFile:1)
	at dm.jdbc.a.a.init(SourceFile:201)
	... 13 more

2025-07-02 23:58:36
[ERROR]-[Thread: Druid-ConnectionPool-Create-1773697361]-[com.alibaba.druid.pool.DruidDataSource$CreateConnectionThread.run()]: create connection error, url: jdbc:dm://192.168.1.6:5236/XLQCERP, errorCode 6001, state 08S01
dm.jdbc.driver.DMException: 网络通信异常
	at dm.jdbc.driver.DBError.throwException(SourceFile:807)
	at dm.jdbc.a.a.init(SourceFile:207)
	at dm.jdbc.a.a.<init>(SourceFile:174)
	at dm.jdbc.driver.DmdbConnection.openConnection(SourceFile:693)
	at dm.jdbc.internal.conf.EP.connect(SourceFile:143)
	at dm.jdbc.internal.conf.EPGroup$EPSelector.select(SourceFile:501)
	at dm.jdbc.internal.conf.EPGroup.connect(SourceFile:345)
	at dm.jdbc.driver.DmDriver.do_connect(SourceFile:164)
	at dm.jdbc.driver.DmDriver.connect(SourceFile:450)
	at com.alibaba.druid.filter.FilterChainImpl.connection_connect(FilterChainImpl.java:148)
	at com.alibaba.druid.filter.FilterAdapter.connection_connect(FilterAdapter.java:785)
	at com.alibaba.druid.filter.FilterChainImpl.connection_connect(FilterChainImpl.java:142)
	at com.alibaba.druid.pool.DruidAbstractDataSource.createPhysicalConnection(DruidAbstractDataSource.java:1463)
	at com.alibaba.druid.pool.DruidAbstractDataSource.createPhysicalConnection(DruidAbstractDataSource.java:1525)
	at com.alibaba.druid.pool.DruidDataSource$CreateConnectionThread.run(DruidDataSource.java:2100)
Caused by: java.net.SocketException: Host is down
	at java.base/sun.nio.ch.Net.connect0(Native Method)
	at java.base/sun.nio.ch.Net.connect(Net.java:579)
	at java.base/sun.nio.ch.Net.connect(Net.java:568)
	at java.base/sun.nio.ch.NioSocketImpl.connect(NioSocketImpl.java:588)
	at java.base/java.net.SocksSocketImpl.connect(SocksSocketImpl.java:327)
	at java.base/java.net.Socket.connect(Socket.java:633)
	at dm.jdbc.a.c.d(SourceFile:110)
	at dm.jdbc.a.c.b(SourceFile:68)
	at dm.jdbc.a.c.g(SourceFile:1)
	at dm.jdbc.a.a.init(SourceFile:201)
	... 13 more

2025-07-02 23:58:36
[ERROR]-[Thread: Druid-ConnectionPool-Create-1773697361]-[com.alibaba.druid.pool.DruidDataSource$CreateConnectionThread.run()]: create connection error, url: jdbc:dm://192.168.1.6:5236/XLQCERP, errorCode 6001, state 08S01
dm.jdbc.driver.DMException: 网络通信异常
	at dm.jdbc.driver.DBError.throwException(SourceFile:807)
	at dm.jdbc.a.a.init(SourceFile:207)
	at dm.jdbc.a.a.<init>(SourceFile:174)
	at dm.jdbc.driver.DmdbConnection.openConnection(SourceFile:693)
	at dm.jdbc.internal.conf.EP.connect(SourceFile:143)
	at dm.jdbc.internal.conf.EPGroup$EPSelector.select(SourceFile:501)
	at dm.jdbc.internal.conf.EPGroup.connect(SourceFile:345)
	at dm.jdbc.driver.DmDriver.do_connect(SourceFile:164)
	at dm.jdbc.driver.DmDriver.connect(SourceFile:450)
	at com.alibaba.druid.filter.FilterChainImpl.connection_connect(FilterChainImpl.java:148)
	at com.alibaba.druid.filter.FilterAdapter.connection_connect(FilterAdapter.java:785)
	at com.alibaba.druid.filter.FilterChainImpl.connection_connect(FilterChainImpl.java:142)
	at com.alibaba.druid.pool.DruidAbstractDataSource.createPhysicalConnection(DruidAbstractDataSource.java:1463)
	at com.alibaba.druid.pool.DruidAbstractDataSource.createPhysicalConnection(DruidAbstractDataSource.java:1525)
	at com.alibaba.druid.pool.DruidDataSource$CreateConnectionThread.run(DruidDataSource.java:2100)
Caused by: java.net.SocketException: Host is down
	at java.base/sun.nio.ch.Net.connect0(Native Method)
	at java.base/sun.nio.ch.Net.connect(Net.java:579)
	at java.base/sun.nio.ch.Net.connect(Net.java:568)
	at java.base/sun.nio.ch.NioSocketImpl.connect(NioSocketImpl.java:588)
	at java.base/java.net.SocksSocketImpl.connect(SocksSocketImpl.java:327)
	at java.base/java.net.Socket.connect(Socket.java:633)
	at dm.jdbc.a.c.d(SourceFile:110)
	at dm.jdbc.a.c.b(SourceFile:68)
	at dm.jdbc.a.c.g(SourceFile:1)
	at dm.jdbc.a.a.init(SourceFile:201)
	... 13 more

2025-07-02 23:58:37
[ERROR]-[Thread: Druid-ConnectionPool-Create-1773697361]-[com.alibaba.druid.pool.DruidDataSource$CreateConnectionThread.run()]: create connection error, url: jdbc:dm://192.168.1.6:5236/XLQCERP, errorCode 6001, state 08S01
dm.jdbc.driver.DMException: 网络通信异常
	at dm.jdbc.driver.DBError.throwException(SourceFile:807)
	at dm.jdbc.a.a.init(SourceFile:207)
	at dm.jdbc.a.a.<init>(SourceFile:174)
	at dm.jdbc.driver.DmdbConnection.openConnection(SourceFile:693)
	at dm.jdbc.internal.conf.EP.connect(SourceFile:143)
	at dm.jdbc.internal.conf.EPGroup$EPSelector.select(SourceFile:501)
	at dm.jdbc.internal.conf.EPGroup.connect(SourceFile:345)
	at dm.jdbc.driver.DmDriver.do_connect(SourceFile:164)
	at dm.jdbc.driver.DmDriver.connect(SourceFile:450)
	at com.alibaba.druid.filter.FilterChainImpl.connection_connect(FilterChainImpl.java:148)
	at com.alibaba.druid.filter.FilterAdapter.connection_connect(FilterAdapter.java:785)
	at com.alibaba.druid.filter.FilterChainImpl.connection_connect(FilterChainImpl.java:142)
	at com.alibaba.druid.pool.DruidAbstractDataSource.createPhysicalConnection(DruidAbstractDataSource.java:1463)
	at com.alibaba.druid.pool.DruidAbstractDataSource.createPhysicalConnection(DruidAbstractDataSource.java:1525)
	at com.alibaba.druid.pool.DruidDataSource$CreateConnectionThread.run(DruidDataSource.java:2100)
Caused by: java.net.SocketException: Host is down
	at java.base/sun.nio.ch.Net.connect0(Native Method)
	at java.base/sun.nio.ch.Net.connect(Net.java:579)
	at java.base/sun.nio.ch.Net.connect(Net.java:568)
	at java.base/sun.nio.ch.NioSocketImpl.connect(NioSocketImpl.java:588)
	at java.base/java.net.SocksSocketImpl.connect(SocksSocketImpl.java:327)
	at java.base/java.net.Socket.connect(Socket.java:633)
	at dm.jdbc.a.c.d(SourceFile:110)
	at dm.jdbc.a.c.b(SourceFile:68)
	at dm.jdbc.a.c.g(SourceFile:1)
	at dm.jdbc.a.a.init(SourceFile:201)
	... 13 more

2025-07-02 23:58:37
[ERROR]-[Thread: Druid-ConnectionPool-Create-1773697361]-[com.alibaba.druid.pool.DruidDataSource$CreateConnectionThread.run()]: create connection error, url: jdbc:dm://192.168.1.6:5236/XLQCERP, errorCode 6001, state 08S01
dm.jdbc.driver.DMException: 网络通信异常
	at dm.jdbc.driver.DBError.throwException(SourceFile:807)
	at dm.jdbc.a.a.init(SourceFile:207)
	at dm.jdbc.a.a.<init>(SourceFile:174)
	at dm.jdbc.driver.DmdbConnection.openConnection(SourceFile:693)
	at dm.jdbc.internal.conf.EP.connect(SourceFile:143)
	at dm.jdbc.internal.conf.EPGroup$EPSelector.select(SourceFile:501)
	at dm.jdbc.internal.conf.EPGroup.connect(SourceFile:345)
	at dm.jdbc.driver.DmDriver.do_connect(SourceFile:164)
	at dm.jdbc.driver.DmDriver.connect(SourceFile:450)
	at com.alibaba.druid.filter.FilterChainImpl.connection_connect(FilterChainImpl.java:148)
	at com.alibaba.druid.filter.FilterAdapter.connection_connect(FilterAdapter.java:785)
	at com.alibaba.druid.filter.FilterChainImpl.connection_connect(FilterChainImpl.java:142)
	at com.alibaba.druid.pool.DruidAbstractDataSource.createPhysicalConnection(DruidAbstractDataSource.java:1463)
	at com.alibaba.druid.pool.DruidAbstractDataSource.createPhysicalConnection(DruidAbstractDataSource.java:1525)
	at com.alibaba.druid.pool.DruidDataSource$CreateConnectionThread.run(DruidDataSource.java:2100)
Caused by: java.net.SocketException: Host is down
	at java.base/sun.nio.ch.Net.connect0(Native Method)
	at java.base/sun.nio.ch.Net.connect(Net.java:579)
	at java.base/sun.nio.ch.Net.connect(Net.java:568)
	at java.base/sun.nio.ch.NioSocketImpl.connect(NioSocketImpl.java:588)
	at java.base/java.net.SocksSocketImpl.connect(SocksSocketImpl.java:327)
	at java.base/java.net.Socket.connect(Socket.java:633)
	at dm.jdbc.a.c.d(SourceFile:110)
	at dm.jdbc.a.c.b(SourceFile:68)
	at dm.jdbc.a.c.g(SourceFile:1)
	at dm.jdbc.a.a.init(SourceFile:201)
	... 13 more

2025-07-02 23:58:38
[ERROR]-[Thread: Druid-ConnectionPool-Create-1773697361]-[com.alibaba.druid.pool.DruidDataSource$CreateConnectionThread.run()]: create connection error, url: jdbc:dm://192.168.1.6:5236/XLQCERP, errorCode 6001, state 08S01
dm.jdbc.driver.DMException: 网络通信异常
	at dm.jdbc.driver.DBError.throwException(SourceFile:807)
	at dm.jdbc.a.a.init(SourceFile:207)
	at dm.jdbc.a.a.<init>(SourceFile:174)
	at dm.jdbc.driver.DmdbConnection.openConnection(SourceFile:693)
	at dm.jdbc.internal.conf.EP.connect(SourceFile:143)
	at dm.jdbc.internal.conf.EPGroup$EPSelector.select(SourceFile:501)
	at dm.jdbc.internal.conf.EPGroup.connect(SourceFile:345)
	at dm.jdbc.driver.DmDriver.do_connect(SourceFile:164)
	at dm.jdbc.driver.DmDriver.connect(SourceFile:450)
	at com.alibaba.druid.filter.FilterChainImpl.connection_connect(FilterChainImpl.java:148)
	at com.alibaba.druid.filter.FilterAdapter.connection_connect(FilterAdapter.java:785)
	at com.alibaba.druid.filter.FilterChainImpl.connection_connect(FilterChainImpl.java:142)
	at com.alibaba.druid.pool.DruidAbstractDataSource.createPhysicalConnection(DruidAbstractDataSource.java:1463)
	at com.alibaba.druid.pool.DruidAbstractDataSource.createPhysicalConnection(DruidAbstractDataSource.java:1525)
	at com.alibaba.druid.pool.DruidDataSource$CreateConnectionThread.run(DruidDataSource.java:2100)
Caused by: java.net.SocketException: Host is down
	at java.base/sun.nio.ch.Net.connect0(Native Method)
	at java.base/sun.nio.ch.Net.connect(Net.java:579)
	at java.base/sun.nio.ch.Net.connect(Net.java:568)
	at java.base/sun.nio.ch.NioSocketImpl.connect(NioSocketImpl.java:588)
	at java.base/java.net.SocksSocketImpl.connect(SocksSocketImpl.java:327)
	at java.base/java.net.Socket.connect(Socket.java:633)
	at dm.jdbc.a.c.d(SourceFile:110)
	at dm.jdbc.a.c.b(SourceFile:68)
	at dm.jdbc.a.c.g(SourceFile:1)
	at dm.jdbc.a.a.init(SourceFile:201)
	... 13 more

2025-07-02 23:58:38
[ERROR]-[Thread: Druid-ConnectionPool-Create-1773697361]-[com.alibaba.druid.pool.DruidDataSource$CreateConnectionThread.run()]: create connection error, url: jdbc:dm://192.168.1.6:5236/XLQCERP, errorCode 6001, state 08S01
dm.jdbc.driver.DMException: 网络通信异常
	at dm.jdbc.driver.DBError.throwException(SourceFile:807)
	at dm.jdbc.a.a.init(SourceFile:207)
	at dm.jdbc.a.a.<init>(SourceFile:174)
	at dm.jdbc.driver.DmdbConnection.openConnection(SourceFile:693)
	at dm.jdbc.internal.conf.EP.connect(SourceFile:143)
	at dm.jdbc.internal.conf.EPGroup$EPSelector.select(SourceFile:501)
	at dm.jdbc.internal.conf.EPGroup.connect(SourceFile:345)
	at dm.jdbc.driver.DmDriver.do_connect(SourceFile:164)
	at dm.jdbc.driver.DmDriver.connect(SourceFile:450)
	at com.alibaba.druid.filter.FilterChainImpl.connection_connect(FilterChainImpl.java:148)
	at com.alibaba.druid.filter.FilterAdapter.connection_connect(FilterAdapter.java:785)
	at com.alibaba.druid.filter.FilterChainImpl.connection_connect(FilterChainImpl.java:142)
	at com.alibaba.druid.pool.DruidAbstractDataSource.createPhysicalConnection(DruidAbstractDataSource.java:1463)
	at com.alibaba.druid.pool.DruidAbstractDataSource.createPhysicalConnection(DruidAbstractDataSource.java:1525)
	at com.alibaba.druid.pool.DruidDataSource$CreateConnectionThread.run(DruidDataSource.java:2100)
Caused by: java.net.SocketException: Host is down
	at java.base/sun.nio.ch.Net.connect0(Native Method)
	at java.base/sun.nio.ch.Net.connect(Net.java:579)
	at java.base/sun.nio.ch.Net.connect(Net.java:568)
	at java.base/sun.nio.ch.NioSocketImpl.connect(NioSocketImpl.java:588)
	at java.base/java.net.SocksSocketImpl.connect(SocksSocketImpl.java:327)
	at java.base/java.net.Socket.connect(Socket.java:633)
	at dm.jdbc.a.c.d(SourceFile:110)
	at dm.jdbc.a.c.b(SourceFile:68)
	at dm.jdbc.a.c.g(SourceFile:1)
	at dm.jdbc.a.a.init(SourceFile:201)
	... 13 more

2025-07-02 23:58:39
[ERROR]-[Thread: Druid-ConnectionPool-Create-1773697361]-[com.alibaba.druid.pool.DruidDataSource$CreateConnectionThread.run()]: create connection error, url: jdbc:dm://192.168.1.6:5236/XLQCERP, errorCode 6001, state 08S01
dm.jdbc.driver.DMException: 网络通信异常
	at dm.jdbc.driver.DBError.throwException(SourceFile:807)
	at dm.jdbc.a.a.init(SourceFile:207)
	at dm.jdbc.a.a.<init>(SourceFile:174)
	at dm.jdbc.driver.DmdbConnection.openConnection(SourceFile:693)
	at dm.jdbc.internal.conf.EP.connect(SourceFile:143)
	at dm.jdbc.internal.conf.EPGroup$EPSelector.select(SourceFile:501)
	at dm.jdbc.internal.conf.EPGroup.connect(SourceFile:345)
	at dm.jdbc.driver.DmDriver.do_connect(SourceFile:164)
	at dm.jdbc.driver.DmDriver.connect(SourceFile:450)
	at com.alibaba.druid.filter.FilterChainImpl.connection_connect(FilterChainImpl.java:148)
	at com.alibaba.druid.filter.FilterAdapter.connection_connect(FilterAdapter.java:785)
	at com.alibaba.druid.filter.FilterChainImpl.connection_connect(FilterChainImpl.java:142)
	at com.alibaba.druid.pool.DruidAbstractDataSource.createPhysicalConnection(DruidAbstractDataSource.java:1463)
	at com.alibaba.druid.pool.DruidAbstractDataSource.createPhysicalConnection(DruidAbstractDataSource.java:1525)
	at com.alibaba.druid.pool.DruidDataSource$CreateConnectionThread.run(DruidDataSource.java:2100)
Caused by: java.net.SocketException: Host is down
	at java.base/sun.nio.ch.Net.connect0(Native Method)
	at java.base/sun.nio.ch.Net.connect(Net.java:579)
	at java.base/sun.nio.ch.Net.connect(Net.java:568)
	at java.base/sun.nio.ch.NioSocketImpl.connect(NioSocketImpl.java:588)
	at java.base/java.net.SocksSocketImpl.connect(SocksSocketImpl.java:327)
	at java.base/java.net.Socket.connect(Socket.java:633)
	at dm.jdbc.a.c.d(SourceFile:110)
	at dm.jdbc.a.c.b(SourceFile:68)
	at dm.jdbc.a.c.g(SourceFile:1)
	at dm.jdbc.a.a.init(SourceFile:201)
	... 13 more

2025-07-02 23:58:39
[ERROR]-[Thread: Druid-ConnectionPool-Create-1773697361]-[com.alibaba.druid.pool.DruidDataSource$CreateConnectionThread.run()]: create connection error, url: jdbc:dm://192.168.1.6:5236/XLQCERP, errorCode 6001, state 08S01
dm.jdbc.driver.DMException: 网络通信异常
	at dm.jdbc.driver.DBError.throwException(SourceFile:807)
	at dm.jdbc.a.a.init(SourceFile:207)
	at dm.jdbc.a.a.<init>(SourceFile:174)
	at dm.jdbc.driver.DmdbConnection.openConnection(SourceFile:693)
	at dm.jdbc.internal.conf.EP.connect(SourceFile:143)
	at dm.jdbc.internal.conf.EPGroup$EPSelector.select(SourceFile:501)
	at dm.jdbc.internal.conf.EPGroup.connect(SourceFile:345)
	at dm.jdbc.driver.DmDriver.do_connect(SourceFile:164)
	at dm.jdbc.driver.DmDriver.connect(SourceFile:450)
	at com.alibaba.druid.filter.FilterChainImpl.connection_connect(FilterChainImpl.java:148)
	at com.alibaba.druid.filter.FilterAdapter.connection_connect(FilterAdapter.java:785)
	at com.alibaba.druid.filter.FilterChainImpl.connection_connect(FilterChainImpl.java:142)
	at com.alibaba.druid.pool.DruidAbstractDataSource.createPhysicalConnection(DruidAbstractDataSource.java:1463)
	at com.alibaba.druid.pool.DruidAbstractDataSource.createPhysicalConnection(DruidAbstractDataSource.java:1525)
	at com.alibaba.druid.pool.DruidDataSource$CreateConnectionThread.run(DruidDataSource.java:2100)
Caused by: java.net.SocketException: Host is down
	at java.base/sun.nio.ch.Net.connect0(Native Method)
	at java.base/sun.nio.ch.Net.connect(Net.java:579)
	at java.base/sun.nio.ch.Net.connect(Net.java:568)
	at java.base/sun.nio.ch.NioSocketImpl.connect(NioSocketImpl.java:588)
	at java.base/java.net.SocksSocketImpl.connect(SocksSocketImpl.java:327)
	at java.base/java.net.Socket.connect(Socket.java:633)
	at dm.jdbc.a.c.d(SourceFile:110)
	at dm.jdbc.a.c.b(SourceFile:68)
	at dm.jdbc.a.c.g(SourceFile:1)
	at dm.jdbc.a.a.init(SourceFile:201)
	... 13 more

2025-07-02 23:58:40
[ERROR]-[Thread: Druid-ConnectionPool-Create-1773697361]-[com.alibaba.druid.pool.DruidDataSource$CreateConnectionThread.run()]: create connection error, url: jdbc:dm://192.168.1.6:5236/XLQCERP, errorCode 6001, state 08S01
dm.jdbc.driver.DMException: 网络通信异常
	at dm.jdbc.driver.DBError.throwException(SourceFile:807)
	at dm.jdbc.a.a.init(SourceFile:207)
	at dm.jdbc.a.a.<init>(SourceFile:174)
	at dm.jdbc.driver.DmdbConnection.openConnection(SourceFile:693)
	at dm.jdbc.internal.conf.EP.connect(SourceFile:143)
	at dm.jdbc.internal.conf.EPGroup$EPSelector.select(SourceFile:501)
	at dm.jdbc.internal.conf.EPGroup.connect(SourceFile:345)
	at dm.jdbc.driver.DmDriver.do_connect(SourceFile:164)
	at dm.jdbc.driver.DmDriver.connect(SourceFile:450)
	at com.alibaba.druid.filter.FilterChainImpl.connection_connect(FilterChainImpl.java:148)
	at com.alibaba.druid.filter.FilterAdapter.connection_connect(FilterAdapter.java:785)
	at com.alibaba.druid.filter.FilterChainImpl.connection_connect(FilterChainImpl.java:142)
	at com.alibaba.druid.pool.DruidAbstractDataSource.createPhysicalConnection(DruidAbstractDataSource.java:1463)
	at com.alibaba.druid.pool.DruidAbstractDataSource.createPhysicalConnection(DruidAbstractDataSource.java:1525)
	at com.alibaba.druid.pool.DruidDataSource$CreateConnectionThread.run(DruidDataSource.java:2100)
Caused by: java.net.SocketException: Host is down
	at java.base/sun.nio.ch.Net.connect0(Native Method)
	at java.base/sun.nio.ch.Net.connect(Net.java:579)
	at java.base/sun.nio.ch.Net.connect(Net.java:568)
	at java.base/sun.nio.ch.NioSocketImpl.connect(NioSocketImpl.java:588)
	at java.base/java.net.SocksSocketImpl.connect(SocksSocketImpl.java:327)
	at java.base/java.net.Socket.connect(Socket.java:633)
	at dm.jdbc.a.c.d(SourceFile:110)
	at dm.jdbc.a.c.b(SourceFile:68)
	at dm.jdbc.a.c.g(SourceFile:1)
	at dm.jdbc.a.a.init(SourceFile:201)
	... 13 more

2025-07-02 23:58:40
[ERROR]-[Thread: Druid-ConnectionPool-Create-1773697361]-[com.alibaba.druid.pool.DruidDataSource$CreateConnectionThread.run()]: create connection error, url: jdbc:dm://192.168.1.6:5236/XLQCERP, errorCode 6001, state 08S01
dm.jdbc.driver.DMException: 网络通信异常
	at dm.jdbc.driver.DBError.throwException(SourceFile:807)
	at dm.jdbc.a.a.init(SourceFile:207)
	at dm.jdbc.a.a.<init>(SourceFile:174)
	at dm.jdbc.driver.DmdbConnection.openConnection(SourceFile:693)
	at dm.jdbc.internal.conf.EP.connect(SourceFile:143)
	at dm.jdbc.internal.conf.EPGroup$EPSelector.select(SourceFile:501)
	at dm.jdbc.internal.conf.EPGroup.connect(SourceFile:345)
	at dm.jdbc.driver.DmDriver.do_connect(SourceFile:164)
	at dm.jdbc.driver.DmDriver.connect(SourceFile:450)
	at com.alibaba.druid.filter.FilterChainImpl.connection_connect(FilterChainImpl.java:148)
	at com.alibaba.druid.filter.FilterAdapter.connection_connect(FilterAdapter.java:785)
	at com.alibaba.druid.filter.FilterChainImpl.connection_connect(FilterChainImpl.java:142)
	at com.alibaba.druid.pool.DruidAbstractDataSource.createPhysicalConnection(DruidAbstractDataSource.java:1463)
	at com.alibaba.druid.pool.DruidAbstractDataSource.createPhysicalConnection(DruidAbstractDataSource.java:1525)
	at com.alibaba.druid.pool.DruidDataSource$CreateConnectionThread.run(DruidDataSource.java:2100)
Caused by: java.net.SocketException: Host is down
	at java.base/sun.nio.ch.Net.connect0(Native Method)
	at java.base/sun.nio.ch.Net.connect(Net.java:579)
	at java.base/sun.nio.ch.Net.connect(Net.java:568)
	at java.base/sun.nio.ch.NioSocketImpl.connect(NioSocketImpl.java:588)
	at java.base/java.net.SocksSocketImpl.connect(SocksSocketImpl.java:327)
	at java.base/java.net.Socket.connect(Socket.java:633)
	at dm.jdbc.a.c.d(SourceFile:110)
	at dm.jdbc.a.c.b(SourceFile:68)
	at dm.jdbc.a.c.g(SourceFile:1)
	at dm.jdbc.a.a.init(SourceFile:201)
	... 13 more

2025-07-02 23:58:41
[ERROR]-[Thread: Druid-ConnectionPool-Create-1773697361]-[com.alibaba.druid.pool.DruidDataSource$CreateConnectionThread.run()]: create connection error, url: jdbc:dm://192.168.1.6:5236/XLQCERP, errorCode 6001, state 08S01
dm.jdbc.driver.DMException: 网络通信异常
	at dm.jdbc.driver.DBError.throwException(SourceFile:807)
	at dm.jdbc.a.a.init(SourceFile:207)
	at dm.jdbc.a.a.<init>(SourceFile:174)
	at dm.jdbc.driver.DmdbConnection.openConnection(SourceFile:693)
	at dm.jdbc.internal.conf.EP.connect(SourceFile:143)
	at dm.jdbc.internal.conf.EPGroup$EPSelector.select(SourceFile:501)
	at dm.jdbc.internal.conf.EPGroup.connect(SourceFile:345)
	at dm.jdbc.driver.DmDriver.do_connect(SourceFile:164)
	at dm.jdbc.driver.DmDriver.connect(SourceFile:450)
	at com.alibaba.druid.filter.FilterChainImpl.connection_connect(FilterChainImpl.java:148)
	at com.alibaba.druid.filter.FilterAdapter.connection_connect(FilterAdapter.java:785)
	at com.alibaba.druid.filter.FilterChainImpl.connection_connect(FilterChainImpl.java:142)
	at com.alibaba.druid.pool.DruidAbstractDataSource.createPhysicalConnection(DruidAbstractDataSource.java:1463)
	at com.alibaba.druid.pool.DruidAbstractDataSource.createPhysicalConnection(DruidAbstractDataSource.java:1525)
	at com.alibaba.druid.pool.DruidDataSource$CreateConnectionThread.run(DruidDataSource.java:2100)
Caused by: java.net.SocketException: Host is down
	at java.base/sun.nio.ch.Net.connect0(Native Method)
	at java.base/sun.nio.ch.Net.connect(Net.java:579)
	at java.base/sun.nio.ch.Net.connect(Net.java:568)
	at java.base/sun.nio.ch.NioSocketImpl.connect(NioSocketImpl.java:588)
	at java.base/java.net.SocksSocketImpl.connect(SocksSocketImpl.java:327)
	at java.base/java.net.Socket.connect(Socket.java:633)
	at dm.jdbc.a.c.d(SourceFile:110)
	at dm.jdbc.a.c.b(SourceFile:68)
	at dm.jdbc.a.c.g(SourceFile:1)
	at dm.jdbc.a.a.init(SourceFile:201)
	... 13 more

2025-07-02 23:58:41
[ERROR]-[Thread: Druid-ConnectionPool-Create-1773697361]-[com.alibaba.druid.pool.DruidDataSource$CreateConnectionThread.run()]: create connection error, url: jdbc:dm://192.168.1.6:5236/XLQCERP, errorCode 6001, state 08S01
dm.jdbc.driver.DMException: 网络通信异常
	at dm.jdbc.driver.DBError.throwException(SourceFile:807)
	at dm.jdbc.a.a.init(SourceFile:207)
	at dm.jdbc.a.a.<init>(SourceFile:174)
	at dm.jdbc.driver.DmdbConnection.openConnection(SourceFile:693)
	at dm.jdbc.internal.conf.EP.connect(SourceFile:143)
	at dm.jdbc.internal.conf.EPGroup$EPSelector.select(SourceFile:501)
	at dm.jdbc.internal.conf.EPGroup.connect(SourceFile:345)
	at dm.jdbc.driver.DmDriver.do_connect(SourceFile:164)
	at dm.jdbc.driver.DmDriver.connect(SourceFile:450)
	at com.alibaba.druid.filter.FilterChainImpl.connection_connect(FilterChainImpl.java:148)
	at com.alibaba.druid.filter.FilterAdapter.connection_connect(FilterAdapter.java:785)
	at com.alibaba.druid.filter.FilterChainImpl.connection_connect(FilterChainImpl.java:142)
	at com.alibaba.druid.pool.DruidAbstractDataSource.createPhysicalConnection(DruidAbstractDataSource.java:1463)
	at com.alibaba.druid.pool.DruidAbstractDataSource.createPhysicalConnection(DruidAbstractDataSource.java:1525)
	at com.alibaba.druid.pool.DruidDataSource$CreateConnectionThread.run(DruidDataSource.java:2100)
Caused by: java.net.SocketException: Host is down
	at java.base/sun.nio.ch.Net.connect0(Native Method)
	at java.base/sun.nio.ch.Net.connect(Net.java:579)
	at java.base/sun.nio.ch.Net.connect(Net.java:568)
	at java.base/sun.nio.ch.NioSocketImpl.connect(NioSocketImpl.java:588)
	at java.base/java.net.SocksSocketImpl.connect(SocksSocketImpl.java:327)
	at java.base/java.net.Socket.connect(Socket.java:633)
	at dm.jdbc.a.c.d(SourceFile:110)
	at dm.jdbc.a.c.b(SourceFile:68)
	at dm.jdbc.a.c.g(SourceFile:1)
	at dm.jdbc.a.a.init(SourceFile:201)
	... 13 more

2025-07-02 23:58:42
[ERROR]-[Thread: Druid-ConnectionPool-Create-1773697361]-[com.alibaba.druid.pool.DruidDataSource$CreateConnectionThread.run()]: create connection error, url: jdbc:dm://192.168.1.6:5236/XLQCERP, errorCode 6001, state 08S01
dm.jdbc.driver.DMException: 网络通信异常
	at dm.jdbc.driver.DBError.throwException(SourceFile:807)
	at dm.jdbc.a.a.init(SourceFile:207)
	at dm.jdbc.a.a.<init>(SourceFile:174)
	at dm.jdbc.driver.DmdbConnection.openConnection(SourceFile:693)
	at dm.jdbc.internal.conf.EP.connect(SourceFile:143)
	at dm.jdbc.internal.conf.EPGroup$EPSelector.select(SourceFile:501)
	at dm.jdbc.internal.conf.EPGroup.connect(SourceFile:345)
	at dm.jdbc.driver.DmDriver.do_connect(SourceFile:164)
	at dm.jdbc.driver.DmDriver.connect(SourceFile:450)
	at com.alibaba.druid.filter.FilterChainImpl.connection_connect(FilterChainImpl.java:148)
	at com.alibaba.druid.filter.FilterAdapter.connection_connect(FilterAdapter.java:785)
	at com.alibaba.druid.filter.FilterChainImpl.connection_connect(FilterChainImpl.java:142)
	at com.alibaba.druid.pool.DruidAbstractDataSource.createPhysicalConnection(DruidAbstractDataSource.java:1463)
	at com.alibaba.druid.pool.DruidAbstractDataSource.createPhysicalConnection(DruidAbstractDataSource.java:1525)
	at com.alibaba.druid.pool.DruidDataSource$CreateConnectionThread.run(DruidDataSource.java:2100)
Caused by: java.net.SocketException: Host is down
	at java.base/sun.nio.ch.Net.connect0(Native Method)
	at java.base/sun.nio.ch.Net.connect(Net.java:579)
	at java.base/sun.nio.ch.Net.connect(Net.java:568)
	at java.base/sun.nio.ch.NioSocketImpl.connect(NioSocketImpl.java:588)
	at java.base/java.net.SocksSocketImpl.connect(SocksSocketImpl.java:327)
	at java.base/java.net.Socket.connect(Socket.java:633)
	at dm.jdbc.a.c.d(SourceFile:110)
	at dm.jdbc.a.c.b(SourceFile:68)
	at dm.jdbc.a.c.g(SourceFile:1)
	at dm.jdbc.a.a.init(SourceFile:201)
	... 13 more

2025-07-02 23:58:42
[ERROR]-[Thread: Druid-ConnectionPool-Create-1773697361]-[com.alibaba.druid.pool.DruidDataSource$CreateConnectionThread.run()]: create connection error, url: jdbc:dm://192.168.1.6:5236/XLQCERP, errorCode 6001, state 08S01
dm.jdbc.driver.DMException: 网络通信异常
	at dm.jdbc.driver.DBError.throwException(SourceFile:807)
	at dm.jdbc.a.a.init(SourceFile:207)
	at dm.jdbc.a.a.<init>(SourceFile:174)
	at dm.jdbc.driver.DmdbConnection.openConnection(SourceFile:693)
	at dm.jdbc.internal.conf.EP.connect(SourceFile:143)
	at dm.jdbc.internal.conf.EPGroup$EPSelector.select(SourceFile:501)
	at dm.jdbc.internal.conf.EPGroup.connect(SourceFile:345)
	at dm.jdbc.driver.DmDriver.do_connect(SourceFile:164)
	at dm.jdbc.driver.DmDriver.connect(SourceFile:450)
	at com.alibaba.druid.filter.FilterChainImpl.connection_connect(FilterChainImpl.java:148)
	at com.alibaba.druid.filter.FilterAdapter.connection_connect(FilterAdapter.java:785)
	at com.alibaba.druid.filter.FilterChainImpl.connection_connect(FilterChainImpl.java:142)
	at com.alibaba.druid.pool.DruidAbstractDataSource.createPhysicalConnection(DruidAbstractDataSource.java:1463)
	at com.alibaba.druid.pool.DruidAbstractDataSource.createPhysicalConnection(DruidAbstractDataSource.java:1525)
	at com.alibaba.druid.pool.DruidDataSource$CreateConnectionThread.run(DruidDataSource.java:2100)
Caused by: java.net.SocketException: Host is down
	at java.base/sun.nio.ch.Net.connect0(Native Method)
	at java.base/sun.nio.ch.Net.connect(Net.java:579)
	at java.base/sun.nio.ch.Net.connect(Net.java:568)
	at java.base/sun.nio.ch.NioSocketImpl.connect(NioSocketImpl.java:588)
	at java.base/java.net.SocksSocketImpl.connect(SocksSocketImpl.java:327)
	at java.base/java.net.Socket.connect(Socket.java:633)
	at dm.jdbc.a.c.d(SourceFile:110)
	at dm.jdbc.a.c.b(SourceFile:68)
	at dm.jdbc.a.c.g(SourceFile:1)
	at dm.jdbc.a.a.init(SourceFile:201)
	... 13 more

2025-07-02 23:58:43
[ERROR]-[Thread: Druid-ConnectionPool-Create-1773697361]-[com.alibaba.druid.pool.DruidDataSource$CreateConnectionThread.run()]: create connection error, url: jdbc:dm://192.168.1.6:5236/XLQCERP, errorCode 6001, state 08S01
dm.jdbc.driver.DMException: 网络通信异常
	at dm.jdbc.driver.DBError.throwException(SourceFile:807)
	at dm.jdbc.a.a.init(SourceFile:207)
	at dm.jdbc.a.a.<init>(SourceFile:174)
	at dm.jdbc.driver.DmdbConnection.openConnection(SourceFile:693)
	at dm.jdbc.internal.conf.EP.connect(SourceFile:143)
	at dm.jdbc.internal.conf.EPGroup$EPSelector.select(SourceFile:501)
	at dm.jdbc.internal.conf.EPGroup.connect(SourceFile:345)
	at dm.jdbc.driver.DmDriver.do_connect(SourceFile:164)
	at dm.jdbc.driver.DmDriver.connect(SourceFile:450)
	at com.alibaba.druid.filter.FilterChainImpl.connection_connect(FilterChainImpl.java:148)
	at com.alibaba.druid.filter.FilterAdapter.connection_connect(FilterAdapter.java:785)
	at com.alibaba.druid.filter.FilterChainImpl.connection_connect(FilterChainImpl.java:142)
	at com.alibaba.druid.pool.DruidAbstractDataSource.createPhysicalConnection(DruidAbstractDataSource.java:1463)
	at com.alibaba.druid.pool.DruidAbstractDataSource.createPhysicalConnection(DruidAbstractDataSource.java:1525)
	at com.alibaba.druid.pool.DruidDataSource$CreateConnectionThread.run(DruidDataSource.java:2100)
Caused by: java.net.SocketException: Host is down
	at java.base/sun.nio.ch.Net.connect0(Native Method)
	at java.base/sun.nio.ch.Net.connect(Net.java:579)
	at java.base/sun.nio.ch.Net.connect(Net.java:568)
	at java.base/sun.nio.ch.NioSocketImpl.connect(NioSocketImpl.java:588)
	at java.base/java.net.SocksSocketImpl.connect(SocksSocketImpl.java:327)
	at java.base/java.net.Socket.connect(Socket.java:633)
	at dm.jdbc.a.c.d(SourceFile:110)
	at dm.jdbc.a.c.b(SourceFile:68)
	at dm.jdbc.a.c.g(SourceFile:1)
	at dm.jdbc.a.a.init(SourceFile:201)
	... 13 more

2025-07-02 23:58:43
[ERROR]-[Thread: Druid-ConnectionPool-Create-1773697361]-[com.alibaba.druid.pool.DruidDataSource$CreateConnectionThread.run()]: create connection error, url: jdbc:dm://192.168.1.6:5236/XLQCERP, errorCode 6001, state 08S01
dm.jdbc.driver.DMException: 网络通信异常
	at dm.jdbc.driver.DBError.throwException(SourceFile:807)
	at dm.jdbc.a.a.init(SourceFile:207)
	at dm.jdbc.a.a.<init>(SourceFile:174)
	at dm.jdbc.driver.DmdbConnection.openConnection(SourceFile:693)
	at dm.jdbc.internal.conf.EP.connect(SourceFile:143)
	at dm.jdbc.internal.conf.EPGroup$EPSelector.select(SourceFile:501)
	at dm.jdbc.internal.conf.EPGroup.connect(SourceFile:345)
	at dm.jdbc.driver.DmDriver.do_connect(SourceFile:164)
	at dm.jdbc.driver.DmDriver.connect(SourceFile:450)
	at com.alibaba.druid.filter.FilterChainImpl.connection_connect(FilterChainImpl.java:148)
	at com.alibaba.druid.filter.FilterAdapter.connection_connect(FilterAdapter.java:785)
	at com.alibaba.druid.filter.FilterChainImpl.connection_connect(FilterChainImpl.java:142)
	at com.alibaba.druid.pool.DruidAbstractDataSource.createPhysicalConnection(DruidAbstractDataSource.java:1463)
	at com.alibaba.druid.pool.DruidAbstractDataSource.createPhysicalConnection(DruidAbstractDataSource.java:1525)
	at com.alibaba.druid.pool.DruidDataSource$CreateConnectionThread.run(DruidDataSource.java:2100)
Caused by: java.net.SocketException: Host is down
	at java.base/sun.nio.ch.Net.connect0(Native Method)
	at java.base/sun.nio.ch.Net.connect(Net.java:579)
	at java.base/sun.nio.ch.Net.connect(Net.java:568)
	at java.base/sun.nio.ch.NioSocketImpl.connect(NioSocketImpl.java:588)
	at java.base/java.net.SocksSocketImpl.connect(SocksSocketImpl.java:327)
	at java.base/java.net.Socket.connect(Socket.java:633)
	at dm.jdbc.a.c.d(SourceFile:110)
	at dm.jdbc.a.c.b(SourceFile:68)
	at dm.jdbc.a.c.g(SourceFile:1)
	at dm.jdbc.a.a.init(SourceFile:201)
	... 13 more

2025-07-02 23:58:44
[ERROR]-[Thread: Druid-ConnectionPool-Create-1773697361]-[com.alibaba.druid.pool.DruidDataSource$CreateConnectionThread.run()]: create connection error, url: jdbc:dm://192.168.1.6:5236/XLQCERP, errorCode 6001, state 08S01
dm.jdbc.driver.DMException: 网络通信异常
	at dm.jdbc.driver.DBError.throwException(SourceFile:807)
	at dm.jdbc.a.a.init(SourceFile:207)
	at dm.jdbc.a.a.<init>(SourceFile:174)
	at dm.jdbc.driver.DmdbConnection.openConnection(SourceFile:693)
	at dm.jdbc.internal.conf.EP.connect(SourceFile:143)
	at dm.jdbc.internal.conf.EPGroup$EPSelector.select(SourceFile:501)
	at dm.jdbc.internal.conf.EPGroup.connect(SourceFile:345)
	at dm.jdbc.driver.DmDriver.do_connect(SourceFile:164)
	at dm.jdbc.driver.DmDriver.connect(SourceFile:450)
	at com.alibaba.druid.filter.FilterChainImpl.connection_connect(FilterChainImpl.java:148)
	at com.alibaba.druid.filter.FilterAdapter.connection_connect(FilterAdapter.java:785)
	at com.alibaba.druid.filter.FilterChainImpl.connection_connect(FilterChainImpl.java:142)
	at com.alibaba.druid.pool.DruidAbstractDataSource.createPhysicalConnection(DruidAbstractDataSource.java:1463)
	at com.alibaba.druid.pool.DruidAbstractDataSource.createPhysicalConnection(DruidAbstractDataSource.java:1525)
	at com.alibaba.druid.pool.DruidDataSource$CreateConnectionThread.run(DruidDataSource.java:2100)
Caused by: java.net.SocketException: Host is down
	at java.base/sun.nio.ch.Net.connect0(Native Method)
	at java.base/sun.nio.ch.Net.connect(Net.java:579)
	at java.base/sun.nio.ch.Net.connect(Net.java:568)
	at java.base/sun.nio.ch.NioSocketImpl.connect(NioSocketImpl.java:588)
	at java.base/java.net.SocksSocketImpl.connect(SocksSocketImpl.java:327)
	at java.base/java.net.Socket.connect(Socket.java:633)
	at dm.jdbc.a.c.d(SourceFile:110)
	at dm.jdbc.a.c.b(SourceFile:68)
	at dm.jdbc.a.c.g(SourceFile:1)
	at dm.jdbc.a.a.init(SourceFile:201)
	... 13 more

2025-07-02 23:58:44
[ERROR]-[Thread: Druid-ConnectionPool-Create-1773697361]-[com.alibaba.druid.pool.DruidDataSource$CreateConnectionThread.run()]: create connection error, url: jdbc:dm://192.168.1.6:5236/XLQCERP, errorCode 6001, state 08S01
dm.jdbc.driver.DMException: 网络通信异常
	at dm.jdbc.driver.DBError.throwException(SourceFile:807)
	at dm.jdbc.a.a.init(SourceFile:207)
	at dm.jdbc.a.a.<init>(SourceFile:174)
	at dm.jdbc.driver.DmdbConnection.openConnection(SourceFile:693)
	at dm.jdbc.internal.conf.EP.connect(SourceFile:143)
	at dm.jdbc.internal.conf.EPGroup$EPSelector.select(SourceFile:501)
	at dm.jdbc.internal.conf.EPGroup.connect(SourceFile:345)
	at dm.jdbc.driver.DmDriver.do_connect(SourceFile:164)
	at dm.jdbc.driver.DmDriver.connect(SourceFile:450)
	at com.alibaba.druid.filter.FilterChainImpl.connection_connect(FilterChainImpl.java:148)
	at com.alibaba.druid.filter.FilterAdapter.connection_connect(FilterAdapter.java:785)
	at com.alibaba.druid.filter.FilterChainImpl.connection_connect(FilterChainImpl.java:142)
	at com.alibaba.druid.pool.DruidAbstractDataSource.createPhysicalConnection(DruidAbstractDataSource.java:1463)
	at com.alibaba.druid.pool.DruidAbstractDataSource.createPhysicalConnection(DruidAbstractDataSource.java:1525)
	at com.alibaba.druid.pool.DruidDataSource$CreateConnectionThread.run(DruidDataSource.java:2100)
Caused by: java.net.SocketException: Host is down
	at java.base/sun.nio.ch.Net.connect0(Native Method)
	at java.base/sun.nio.ch.Net.connect(Net.java:579)
	at java.base/sun.nio.ch.Net.connect(Net.java:568)
	at java.base/sun.nio.ch.NioSocketImpl.connect(NioSocketImpl.java:588)
	at java.base/java.net.SocksSocketImpl.connect(SocksSocketImpl.java:327)
	at java.base/java.net.Socket.connect(Socket.java:633)
	at dm.jdbc.a.c.d(SourceFile:110)
	at dm.jdbc.a.c.b(SourceFile:68)
	at dm.jdbc.a.c.g(SourceFile:1)
	at dm.jdbc.a.a.init(SourceFile:201)
	... 13 more

2025-07-02 23:58:45
[ERROR]-[Thread: Druid-ConnectionPool-Create-1773697361]-[com.alibaba.druid.pool.DruidDataSource$CreateConnectionThread.run()]: create connection error, url: jdbc:dm://192.168.1.6:5236/XLQCERP, errorCode 6001, state 08S01
dm.jdbc.driver.DMException: 网络通信异常
	at dm.jdbc.driver.DBError.throwException(SourceFile:807)
	at dm.jdbc.a.a.init(SourceFile:207)
	at dm.jdbc.a.a.<init>(SourceFile:174)
	at dm.jdbc.driver.DmdbConnection.openConnection(SourceFile:693)
	at dm.jdbc.internal.conf.EP.connect(SourceFile:143)
	at dm.jdbc.internal.conf.EPGroup$EPSelector.select(SourceFile:501)
	at dm.jdbc.internal.conf.EPGroup.connect(SourceFile:345)
	at dm.jdbc.driver.DmDriver.do_connect(SourceFile:164)
	at dm.jdbc.driver.DmDriver.connect(SourceFile:450)
	at com.alibaba.druid.filter.FilterChainImpl.connection_connect(FilterChainImpl.java:148)
	at com.alibaba.druid.filter.FilterAdapter.connection_connect(FilterAdapter.java:785)
	at com.alibaba.druid.filter.FilterChainImpl.connection_connect(FilterChainImpl.java:142)
	at com.alibaba.druid.pool.DruidAbstractDataSource.createPhysicalConnection(DruidAbstractDataSource.java:1463)
	at com.alibaba.druid.pool.DruidAbstractDataSource.createPhysicalConnection(DruidAbstractDataSource.java:1525)
	at com.alibaba.druid.pool.DruidDataSource$CreateConnectionThread.run(DruidDataSource.java:2100)
Caused by: java.net.SocketException: Host is down
	at java.base/sun.nio.ch.Net.connect0(Native Method)
	at java.base/sun.nio.ch.Net.connect(Net.java:579)
	at java.base/sun.nio.ch.Net.connect(Net.java:568)
	at java.base/sun.nio.ch.NioSocketImpl.connect(NioSocketImpl.java:588)
	at java.base/java.net.SocksSocketImpl.connect(SocksSocketImpl.java:327)
	at java.base/java.net.Socket.connect(Socket.java:633)
	at dm.jdbc.a.c.d(SourceFile:110)
	at dm.jdbc.a.c.b(SourceFile:68)
	at dm.jdbc.a.c.g(SourceFile:1)
	at dm.jdbc.a.a.init(SourceFile:201)
	... 13 more

2025-07-02 23:58:50
[ERROR]-[Thread: Druid-ConnectionPool-Create-1773697361]-[com.alibaba.druid.pool.DruidDataSource$CreateConnectionThread.run()]: create connection error, url: jdbc:dm://192.168.1.6:5236/XLQCERP, errorCode 6001, state 08S01
dm.jdbc.driver.DMException: 网络通信异常
	at dm.jdbc.driver.DBError.throwException(SourceFile:807)
	at dm.jdbc.a.a.init(SourceFile:207)
	at dm.jdbc.a.a.<init>(SourceFile:174)
	at dm.jdbc.driver.DmdbConnection.openConnection(SourceFile:693)
	at dm.jdbc.internal.conf.EP.connect(SourceFile:143)
	at dm.jdbc.internal.conf.EPGroup$EPSelector.select(SourceFile:501)
	at dm.jdbc.internal.conf.EPGroup.connect(SourceFile:345)
	at dm.jdbc.driver.DmDriver.do_connect(SourceFile:164)
	at dm.jdbc.driver.DmDriver.connect(SourceFile:450)
	at com.alibaba.druid.filter.FilterChainImpl.connection_connect(FilterChainImpl.java:148)
	at com.alibaba.druid.filter.FilterAdapter.connection_connect(FilterAdapter.java:785)
	at com.alibaba.druid.filter.FilterChainImpl.connection_connect(FilterChainImpl.java:142)
	at com.alibaba.druid.pool.DruidAbstractDataSource.createPhysicalConnection(DruidAbstractDataSource.java:1463)
	at com.alibaba.druid.pool.DruidAbstractDataSource.createPhysicalConnection(DruidAbstractDataSource.java:1525)
	at com.alibaba.druid.pool.DruidDataSource$CreateConnectionThread.run(DruidDataSource.java:2100)
Caused by: java.net.SocketTimeoutException: Connect timed out
	at java.base/sun.nio.ch.NioSocketImpl.timedFinishConnect(NioSocketImpl.java:546)
	at java.base/sun.nio.ch.NioSocketImpl.connect(NioSocketImpl.java:597)
	at java.base/java.net.SocksSocketImpl.connect(SocksSocketImpl.java:327)
	at java.base/java.net.Socket.connect(Socket.java:633)
	at dm.jdbc.a.c.d(SourceFile:110)
	at dm.jdbc.a.c.b(SourceFile:68)
	at dm.jdbc.a.c.g(SourceFile:1)
	at dm.jdbc.a.a.init(SourceFile:201)
	... 13 more

2025-07-02 23:58:51
[ERROR]-[Thread: Druid-ConnectionPool-Create-1773697361]-[com.alibaba.druid.pool.DruidDataSource$CreateConnectionThread.run()]: create connection error, url: jdbc:dm://192.168.1.6:5236/XLQCERP, errorCode 6001, state 08S01
dm.jdbc.driver.DMException: 网络通信异常
	at dm.jdbc.driver.DBError.throwException(SourceFile:807)
	at dm.jdbc.a.a.init(SourceFile:207)
	at dm.jdbc.a.a.<init>(SourceFile:174)
	at dm.jdbc.driver.DmdbConnection.openConnection(SourceFile:693)
	at dm.jdbc.internal.conf.EP.connect(SourceFile:143)
	at dm.jdbc.internal.conf.EPGroup$EPSelector.select(SourceFile:501)
	at dm.jdbc.internal.conf.EPGroup.connect(SourceFile:345)
	at dm.jdbc.driver.DmDriver.do_connect(SourceFile:164)
	at dm.jdbc.driver.DmDriver.connect(SourceFile:450)
	at com.alibaba.druid.filter.FilterChainImpl.connection_connect(FilterChainImpl.java:148)
	at com.alibaba.druid.filter.FilterAdapter.connection_connect(FilterAdapter.java:785)
	at com.alibaba.druid.filter.FilterChainImpl.connection_connect(FilterChainImpl.java:142)
	at com.alibaba.druid.pool.DruidAbstractDataSource.createPhysicalConnection(DruidAbstractDataSource.java:1463)
	at com.alibaba.druid.pool.DruidAbstractDataSource.createPhysicalConnection(DruidAbstractDataSource.java:1525)
	at com.alibaba.druid.pool.DruidDataSource$CreateConnectionThread.run(DruidDataSource.java:2100)
Caused by: java.net.NoRouteToHostException: No route to host
	at java.base/sun.nio.ch.Net.connect0(Native Method)
	at java.base/sun.nio.ch.Net.connect(Net.java:579)
	at java.base/sun.nio.ch.Net.connect(Net.java:568)
	at java.base/sun.nio.ch.NioSocketImpl.connect(NioSocketImpl.java:588)
	at java.base/java.net.SocksSocketImpl.connect(SocksSocketImpl.java:327)
	at java.base/java.net.Socket.connect(Socket.java:633)
	at dm.jdbc.a.c.d(SourceFile:110)
	at dm.jdbc.a.c.b(SourceFile:68)
	at dm.jdbc.a.c.g(SourceFile:1)
	at dm.jdbc.a.a.init(SourceFile:201)
	... 13 more

2025-07-02 23:58:51
[ERROR]-[Thread: Druid-ConnectionPool-Create-1773697361]-[com.alibaba.druid.pool.DruidDataSource$CreateConnectionThread.run()]: create connection error, url: jdbc:dm://192.168.1.6:5236/XLQCERP, errorCode 6001, state 08S01
dm.jdbc.driver.DMException: 网络通信异常
	at dm.jdbc.driver.DBError.throwException(SourceFile:807)
	at dm.jdbc.a.a.init(SourceFile:207)
	at dm.jdbc.a.a.<init>(SourceFile:174)
	at dm.jdbc.driver.DmdbConnection.openConnection(SourceFile:693)
	at dm.jdbc.internal.conf.EP.connect(SourceFile:143)
	at dm.jdbc.internal.conf.EPGroup$EPSelector.select(SourceFile:501)
	at dm.jdbc.internal.conf.EPGroup.connect(SourceFile:345)
	at dm.jdbc.driver.DmDriver.do_connect(SourceFile:164)
	at dm.jdbc.driver.DmDriver.connect(SourceFile:450)
	at com.alibaba.druid.filter.FilterChainImpl.connection_connect(FilterChainImpl.java:148)
	at com.alibaba.druid.filter.FilterAdapter.connection_connect(FilterAdapter.java:785)
	at com.alibaba.druid.filter.FilterChainImpl.connection_connect(FilterChainImpl.java:142)
	at com.alibaba.druid.pool.DruidAbstractDataSource.createPhysicalConnection(DruidAbstractDataSource.java:1463)
	at com.alibaba.druid.pool.DruidAbstractDataSource.createPhysicalConnection(DruidAbstractDataSource.java:1525)
	at com.alibaba.druid.pool.DruidDataSource$CreateConnectionThread.run(DruidDataSource.java:2100)
Caused by: java.net.SocketException: Host is down
	at java.base/sun.nio.ch.Net.connect0(Native Method)
	at java.base/sun.nio.ch.Net.connect(Net.java:579)
	at java.base/sun.nio.ch.Net.connect(Net.java:568)
	at java.base/sun.nio.ch.NioSocketImpl.connect(NioSocketImpl.java:588)
	at java.base/java.net.SocksSocketImpl.connect(SocksSocketImpl.java:327)
	at java.base/java.net.Socket.connect(Socket.java:633)
	at dm.jdbc.a.c.d(SourceFile:110)
	at dm.jdbc.a.c.b(SourceFile:68)
	at dm.jdbc.a.c.g(SourceFile:1)
	at dm.jdbc.a.a.init(SourceFile:201)
	... 13 more

2025-07-02 23:58:52
[ERROR]-[Thread: Druid-ConnectionPool-Create-1773697361]-[com.alibaba.druid.pool.DruidDataSource$CreateConnectionThread.run()]: create connection error, url: jdbc:dm://192.168.1.6:5236/XLQCERP, errorCode 6001, state 08S01
dm.jdbc.driver.DMException: 网络通信异常
	at dm.jdbc.driver.DBError.throwException(SourceFile:807)
	at dm.jdbc.a.a.init(SourceFile:207)
	at dm.jdbc.a.a.<init>(SourceFile:174)
	at dm.jdbc.driver.DmdbConnection.openConnection(SourceFile:693)
	at dm.jdbc.internal.conf.EP.connect(SourceFile:143)
	at dm.jdbc.internal.conf.EPGroup$EPSelector.select(SourceFile:501)
	at dm.jdbc.internal.conf.EPGroup.connect(SourceFile:345)
	at dm.jdbc.driver.DmDriver.do_connect(SourceFile:164)
	at dm.jdbc.driver.DmDriver.connect(SourceFile:450)
	at com.alibaba.druid.filter.FilterChainImpl.connection_connect(FilterChainImpl.java:148)
	at com.alibaba.druid.filter.FilterAdapter.connection_connect(FilterAdapter.java:785)
	at com.alibaba.druid.filter.FilterChainImpl.connection_connect(FilterChainImpl.java:142)
	at com.alibaba.druid.pool.DruidAbstractDataSource.createPhysicalConnection(DruidAbstractDataSource.java:1463)
	at com.alibaba.druid.pool.DruidAbstractDataSource.createPhysicalConnection(DruidAbstractDataSource.java:1525)
	at com.alibaba.druid.pool.DruidDataSource$CreateConnectionThread.run(DruidDataSource.java:2100)
Caused by: java.net.SocketException: Host is down
	at java.base/sun.nio.ch.Net.connect0(Native Method)
	at java.base/sun.nio.ch.Net.connect(Net.java:579)
	at java.base/sun.nio.ch.Net.connect(Net.java:568)
	at java.base/sun.nio.ch.NioSocketImpl.connect(NioSocketImpl.java:588)
	at java.base/java.net.SocksSocketImpl.connect(SocksSocketImpl.java:327)
	at java.base/java.net.Socket.connect(Socket.java:633)
	at dm.jdbc.a.c.d(SourceFile:110)
	at dm.jdbc.a.c.b(SourceFile:68)
	at dm.jdbc.a.c.g(SourceFile:1)
	at dm.jdbc.a.a.init(SourceFile:201)
	... 13 more

2025-07-02 23:58:52
[ERROR]-[Thread: Druid-ConnectionPool-Create-1773697361]-[com.alibaba.druid.pool.DruidDataSource$CreateConnectionThread.run()]: create connection error, url: jdbc:dm://192.168.1.6:5236/XLQCERP, errorCode 6001, state 08S01
dm.jdbc.driver.DMException: 网络通信异常
	at dm.jdbc.driver.DBError.throwException(SourceFile:807)
	at dm.jdbc.a.a.init(SourceFile:207)
	at dm.jdbc.a.a.<init>(SourceFile:174)
	at dm.jdbc.driver.DmdbConnection.openConnection(SourceFile:693)
	at dm.jdbc.internal.conf.EP.connect(SourceFile:143)
	at dm.jdbc.internal.conf.EPGroup$EPSelector.select(SourceFile:501)
	at dm.jdbc.internal.conf.EPGroup.connect(SourceFile:345)
	at dm.jdbc.driver.DmDriver.do_connect(SourceFile:164)
	at dm.jdbc.driver.DmDriver.connect(SourceFile:450)
	at com.alibaba.druid.filter.FilterChainImpl.connection_connect(FilterChainImpl.java:148)
	at com.alibaba.druid.filter.FilterAdapter.connection_connect(FilterAdapter.java:785)
	at com.alibaba.druid.filter.FilterChainImpl.connection_connect(FilterChainImpl.java:142)
	at com.alibaba.druid.pool.DruidAbstractDataSource.createPhysicalConnection(DruidAbstractDataSource.java:1463)
	at com.alibaba.druid.pool.DruidAbstractDataSource.createPhysicalConnection(DruidAbstractDataSource.java:1525)
	at com.alibaba.druid.pool.DruidDataSource$CreateConnectionThread.run(DruidDataSource.java:2100)
Caused by: java.net.SocketException: Host is down
	at java.base/sun.nio.ch.Net.connect0(Native Method)
	at java.base/sun.nio.ch.Net.connect(Net.java:579)
	at java.base/sun.nio.ch.Net.connect(Net.java:568)
	at java.base/sun.nio.ch.NioSocketImpl.connect(NioSocketImpl.java:588)
	at java.base/java.net.SocksSocketImpl.connect(SocksSocketImpl.java:327)
	at java.base/java.net.Socket.connect(Socket.java:633)
	at dm.jdbc.a.c.d(SourceFile:110)
	at dm.jdbc.a.c.b(SourceFile:68)
	at dm.jdbc.a.c.g(SourceFile:1)
	at dm.jdbc.a.a.init(SourceFile:201)
	... 13 more

2025-07-02 23:58:53
[ERROR]-[Thread: Druid-ConnectionPool-Create-1773697361]-[com.alibaba.druid.pool.DruidDataSource$CreateConnectionThread.run()]: create connection error, url: jdbc:dm://192.168.1.6:5236/XLQCERP, errorCode 6001, state 08S01
dm.jdbc.driver.DMException: 网络通信异常
	at dm.jdbc.driver.DBError.throwException(SourceFile:807)
	at dm.jdbc.a.a.init(SourceFile:207)
	at dm.jdbc.a.a.<init>(SourceFile:174)
	at dm.jdbc.driver.DmdbConnection.openConnection(SourceFile:693)
	at dm.jdbc.internal.conf.EP.connect(SourceFile:143)
	at dm.jdbc.internal.conf.EPGroup$EPSelector.select(SourceFile:501)
	at dm.jdbc.internal.conf.EPGroup.connect(SourceFile:345)
	at dm.jdbc.driver.DmDriver.do_connect(SourceFile:164)
	at dm.jdbc.driver.DmDriver.connect(SourceFile:450)
	at com.alibaba.druid.filter.FilterChainImpl.connection_connect(FilterChainImpl.java:148)
	at com.alibaba.druid.filter.FilterAdapter.connection_connect(FilterAdapter.java:785)
	at com.alibaba.druid.filter.FilterChainImpl.connection_connect(FilterChainImpl.java:142)
	at com.alibaba.druid.pool.DruidAbstractDataSource.createPhysicalConnection(DruidAbstractDataSource.java:1463)
	at com.alibaba.druid.pool.DruidAbstractDataSource.createPhysicalConnection(DruidAbstractDataSource.java:1525)
	at com.alibaba.druid.pool.DruidDataSource$CreateConnectionThread.run(DruidDataSource.java:2100)
Caused by: java.net.SocketException: Host is down
	at java.base/sun.nio.ch.Net.connect0(Native Method)
	at java.base/sun.nio.ch.Net.connect(Net.java:579)
	at java.base/sun.nio.ch.Net.connect(Net.java:568)
	at java.base/sun.nio.ch.NioSocketImpl.connect(NioSocketImpl.java:588)
	at java.base/java.net.SocksSocketImpl.connect(SocksSocketImpl.java:327)
	at java.base/java.net.Socket.connect(Socket.java:633)
	at dm.jdbc.a.c.d(SourceFile:110)
	at dm.jdbc.a.c.b(SourceFile:68)
	at dm.jdbc.a.c.g(SourceFile:1)
	at dm.jdbc.a.a.init(SourceFile:201)
	... 13 more

2025-07-02 23:58:53
[ERROR]-[Thread: Druid-ConnectionPool-Create-1773697361]-[com.alibaba.druid.pool.DruidDataSource$CreateConnectionThread.run()]: create connection error, url: jdbc:dm://192.168.1.6:5236/XLQCERP, errorCode 6001, state 08S01
dm.jdbc.driver.DMException: 网络通信异常
	at dm.jdbc.driver.DBError.throwException(SourceFile:807)
	at dm.jdbc.a.a.init(SourceFile:207)
	at dm.jdbc.a.a.<init>(SourceFile:174)
	at dm.jdbc.driver.DmdbConnection.openConnection(SourceFile:693)
	at dm.jdbc.internal.conf.EP.connect(SourceFile:143)
	at dm.jdbc.internal.conf.EPGroup$EPSelector.select(SourceFile:501)
	at dm.jdbc.internal.conf.EPGroup.connect(SourceFile:345)
	at dm.jdbc.driver.DmDriver.do_connect(SourceFile:164)
	at dm.jdbc.driver.DmDriver.connect(SourceFile:450)
	at com.alibaba.druid.filter.FilterChainImpl.connection_connect(FilterChainImpl.java:148)
	at com.alibaba.druid.filter.FilterAdapter.connection_connect(FilterAdapter.java:785)
	at com.alibaba.druid.filter.FilterChainImpl.connection_connect(FilterChainImpl.java:142)
	at com.alibaba.druid.pool.DruidAbstractDataSource.createPhysicalConnection(DruidAbstractDataSource.java:1463)
	at com.alibaba.druid.pool.DruidAbstractDataSource.createPhysicalConnection(DruidAbstractDataSource.java:1525)
	at com.alibaba.druid.pool.DruidDataSource$CreateConnectionThread.run(DruidDataSource.java:2100)
Caused by: java.net.SocketException: Host is down
	at java.base/sun.nio.ch.Net.connect0(Native Method)
	at java.base/sun.nio.ch.Net.connect(Net.java:579)
	at java.base/sun.nio.ch.Net.connect(Net.java:568)
	at java.base/sun.nio.ch.NioSocketImpl.connect(NioSocketImpl.java:588)
	at java.base/java.net.SocksSocketImpl.connect(SocksSocketImpl.java:327)
	at java.base/java.net.Socket.connect(Socket.java:633)
	at dm.jdbc.a.c.d(SourceFile:110)
	at dm.jdbc.a.c.b(SourceFile:68)
	at dm.jdbc.a.c.g(SourceFile:1)
	at dm.jdbc.a.a.init(SourceFile:201)
	... 13 more

2025-07-02 23:58:54
[ERROR]-[Thread: Druid-ConnectionPool-Create-1773697361]-[com.alibaba.druid.pool.DruidDataSource$CreateConnectionThread.run()]: create connection error, url: jdbc:dm://192.168.1.6:5236/XLQCERP, errorCode 6001, state 08S01
dm.jdbc.driver.DMException: 网络通信异常
	at dm.jdbc.driver.DBError.throwException(SourceFile:807)
	at dm.jdbc.a.a.init(SourceFile:207)
	at dm.jdbc.a.a.<init>(SourceFile:174)
	at dm.jdbc.driver.DmdbConnection.openConnection(SourceFile:693)
	at dm.jdbc.internal.conf.EP.connect(SourceFile:143)
	at dm.jdbc.internal.conf.EPGroup$EPSelector.select(SourceFile:501)
	at dm.jdbc.internal.conf.EPGroup.connect(SourceFile:345)
	at dm.jdbc.driver.DmDriver.do_connect(SourceFile:164)
	at dm.jdbc.driver.DmDriver.connect(SourceFile:450)
	at com.alibaba.druid.filter.FilterChainImpl.connection_connect(FilterChainImpl.java:148)
	at com.alibaba.druid.filter.FilterAdapter.connection_connect(FilterAdapter.java:785)
	at com.alibaba.druid.filter.FilterChainImpl.connection_connect(FilterChainImpl.java:142)
	at com.alibaba.druid.pool.DruidAbstractDataSource.createPhysicalConnection(DruidAbstractDataSource.java:1463)
	at com.alibaba.druid.pool.DruidAbstractDataSource.createPhysicalConnection(DruidAbstractDataSource.java:1525)
	at com.alibaba.druid.pool.DruidDataSource$CreateConnectionThread.run(DruidDataSource.java:2100)
Caused by: java.net.SocketException: Host is down
	at java.base/sun.nio.ch.Net.connect0(Native Method)
	at java.base/sun.nio.ch.Net.connect(Net.java:579)
	at java.base/sun.nio.ch.Net.connect(Net.java:568)
	at java.base/sun.nio.ch.NioSocketImpl.connect(NioSocketImpl.java:588)
	at java.base/java.net.SocksSocketImpl.connect(SocksSocketImpl.java:327)
	at java.base/java.net.Socket.connect(Socket.java:633)
	at dm.jdbc.a.c.d(SourceFile:110)
	at dm.jdbc.a.c.b(SourceFile:68)
	at dm.jdbc.a.c.g(SourceFile:1)
	at dm.jdbc.a.a.init(SourceFile:201)
	... 13 more

2025-07-02 23:58:54
[ERROR]-[Thread: Druid-ConnectionPool-Create-1773697361]-[com.alibaba.druid.pool.DruidDataSource$CreateConnectionThread.run()]: create connection error, url: jdbc:dm://192.168.1.6:5236/XLQCERP, errorCode 6001, state 08S01
dm.jdbc.driver.DMException: 网络通信异常
	at dm.jdbc.driver.DBError.throwException(SourceFile:807)
	at dm.jdbc.a.a.init(SourceFile:207)
	at dm.jdbc.a.a.<init>(SourceFile:174)
	at dm.jdbc.driver.DmdbConnection.openConnection(SourceFile:693)
	at dm.jdbc.internal.conf.EP.connect(SourceFile:143)
	at dm.jdbc.internal.conf.EPGroup$EPSelector.select(SourceFile:501)
	at dm.jdbc.internal.conf.EPGroup.connect(SourceFile:345)
	at dm.jdbc.driver.DmDriver.do_connect(SourceFile:164)
	at dm.jdbc.driver.DmDriver.connect(SourceFile:450)
	at com.alibaba.druid.filter.FilterChainImpl.connection_connect(FilterChainImpl.java:148)
	at com.alibaba.druid.filter.FilterAdapter.connection_connect(FilterAdapter.java:785)
	at com.alibaba.druid.filter.FilterChainImpl.connection_connect(FilterChainImpl.java:142)
	at com.alibaba.druid.pool.DruidAbstractDataSource.createPhysicalConnection(DruidAbstractDataSource.java:1463)
	at com.alibaba.druid.pool.DruidAbstractDataSource.createPhysicalConnection(DruidAbstractDataSource.java:1525)
	at com.alibaba.druid.pool.DruidDataSource$CreateConnectionThread.run(DruidDataSource.java:2100)
Caused by: java.net.SocketException: Host is down
	at java.base/sun.nio.ch.Net.connect0(Native Method)
	at java.base/sun.nio.ch.Net.connect(Net.java:579)
	at java.base/sun.nio.ch.Net.connect(Net.java:568)
	at java.base/sun.nio.ch.NioSocketImpl.connect(NioSocketImpl.java:588)
	at java.base/java.net.SocksSocketImpl.connect(SocksSocketImpl.java:327)
	at java.base/java.net.Socket.connect(Socket.java:633)
	at dm.jdbc.a.c.d(SourceFile:110)
	at dm.jdbc.a.c.b(SourceFile:68)
	at dm.jdbc.a.c.g(SourceFile:1)
	at dm.jdbc.a.a.init(SourceFile:201)
	... 13 more

2025-07-02 23:58:55
[ERROR]-[Thread: Druid-ConnectionPool-Create-1773697361]-[com.alibaba.druid.pool.DruidDataSource$CreateConnectionThread.run()]: create connection error, url: jdbc:dm://192.168.1.6:5236/XLQCERP, errorCode 6001, state 08S01
dm.jdbc.driver.DMException: 网络通信异常
	at dm.jdbc.driver.DBError.throwException(SourceFile:807)
	at dm.jdbc.a.a.init(SourceFile:207)
	at dm.jdbc.a.a.<init>(SourceFile:174)
	at dm.jdbc.driver.DmdbConnection.openConnection(SourceFile:693)
	at dm.jdbc.internal.conf.EP.connect(SourceFile:143)
	at dm.jdbc.internal.conf.EPGroup$EPSelector.select(SourceFile:501)
	at dm.jdbc.internal.conf.EPGroup.connect(SourceFile:345)
	at dm.jdbc.driver.DmDriver.do_connect(SourceFile:164)
	at dm.jdbc.driver.DmDriver.connect(SourceFile:450)
	at com.alibaba.druid.filter.FilterChainImpl.connection_connect(FilterChainImpl.java:148)
	at com.alibaba.druid.filter.FilterAdapter.connection_connect(FilterAdapter.java:785)
	at com.alibaba.druid.filter.FilterChainImpl.connection_connect(FilterChainImpl.java:142)
	at com.alibaba.druid.pool.DruidAbstractDataSource.createPhysicalConnection(DruidAbstractDataSource.java:1463)
	at com.alibaba.druid.pool.DruidAbstractDataSource.createPhysicalConnection(DruidAbstractDataSource.java:1525)
	at com.alibaba.druid.pool.DruidDataSource$CreateConnectionThread.run(DruidDataSource.java:2100)
Caused by: java.net.SocketException: Host is down
	at java.base/sun.nio.ch.Net.connect0(Native Method)
	at java.base/sun.nio.ch.Net.connect(Net.java:579)
	at java.base/sun.nio.ch.Net.connect(Net.java:568)
	at java.base/sun.nio.ch.NioSocketImpl.connect(NioSocketImpl.java:588)
	at java.base/java.net.SocksSocketImpl.connect(SocksSocketImpl.java:327)
	at java.base/java.net.Socket.connect(Socket.java:633)
	at dm.jdbc.a.c.d(SourceFile:110)
	at dm.jdbc.a.c.b(SourceFile:68)
	at dm.jdbc.a.c.g(SourceFile:1)
	at dm.jdbc.a.a.init(SourceFile:201)
	... 13 more

2025-07-02 23:58:55
[ERROR]-[Thread: Druid-ConnectionPool-Create-1773697361]-[com.alibaba.druid.pool.DruidDataSource$CreateConnectionThread.run()]: create connection error, url: jdbc:dm://192.168.1.6:5236/XLQCERP, errorCode 6001, state 08S01
dm.jdbc.driver.DMException: 网络通信异常
	at dm.jdbc.driver.DBError.throwException(SourceFile:807)
	at dm.jdbc.a.a.init(SourceFile:207)
	at dm.jdbc.a.a.<init>(SourceFile:174)
	at dm.jdbc.driver.DmdbConnection.openConnection(SourceFile:693)
	at dm.jdbc.internal.conf.EP.connect(SourceFile:143)
	at dm.jdbc.internal.conf.EPGroup$EPSelector.select(SourceFile:501)
	at dm.jdbc.internal.conf.EPGroup.connect(SourceFile:345)
	at dm.jdbc.driver.DmDriver.do_connect(SourceFile:164)
	at dm.jdbc.driver.DmDriver.connect(SourceFile:450)
	at com.alibaba.druid.filter.FilterChainImpl.connection_connect(FilterChainImpl.java:148)
	at com.alibaba.druid.filter.FilterAdapter.connection_connect(FilterAdapter.java:785)
	at com.alibaba.druid.filter.FilterChainImpl.connection_connect(FilterChainImpl.java:142)
	at com.alibaba.druid.pool.DruidAbstractDataSource.createPhysicalConnection(DruidAbstractDataSource.java:1463)
	at com.alibaba.druid.pool.DruidAbstractDataSource.createPhysicalConnection(DruidAbstractDataSource.java:1525)
	at com.alibaba.druid.pool.DruidDataSource$CreateConnectionThread.run(DruidDataSource.java:2100)
Caused by: java.net.SocketException: Host is down
	at java.base/sun.nio.ch.Net.connect0(Native Method)
	at java.base/sun.nio.ch.Net.connect(Net.java:579)
	at java.base/sun.nio.ch.Net.connect(Net.java:568)
	at java.base/sun.nio.ch.NioSocketImpl.connect(NioSocketImpl.java:588)
	at java.base/java.net.SocksSocketImpl.connect(SocksSocketImpl.java:327)
	at java.base/java.net.Socket.connect(Socket.java:633)
	at dm.jdbc.a.c.d(SourceFile:110)
	at dm.jdbc.a.c.b(SourceFile:68)
	at dm.jdbc.a.c.g(SourceFile:1)
	at dm.jdbc.a.a.init(SourceFile:201)
	... 13 more

2025-07-02 23:58:56
[ERROR]-[Thread: Druid-ConnectionPool-Create-1773697361]-[com.alibaba.druid.pool.DruidDataSource$CreateConnectionThread.run()]: create connection error, url: jdbc:dm://192.168.1.6:5236/XLQCERP, errorCode 6001, state 08S01
dm.jdbc.driver.DMException: 网络通信异常
	at dm.jdbc.driver.DBError.throwException(SourceFile:807)
	at dm.jdbc.a.a.init(SourceFile:207)
	at dm.jdbc.a.a.<init>(SourceFile:174)
	at dm.jdbc.driver.DmdbConnection.openConnection(SourceFile:693)
	at dm.jdbc.internal.conf.EP.connect(SourceFile:143)
	at dm.jdbc.internal.conf.EPGroup$EPSelector.select(SourceFile:501)
	at dm.jdbc.internal.conf.EPGroup.connect(SourceFile:345)
	at dm.jdbc.driver.DmDriver.do_connect(SourceFile:164)
	at dm.jdbc.driver.DmDriver.connect(SourceFile:450)
	at com.alibaba.druid.filter.FilterChainImpl.connection_connect(FilterChainImpl.java:148)
	at com.alibaba.druid.filter.FilterAdapter.connection_connect(FilterAdapter.java:785)
	at com.alibaba.druid.filter.FilterChainImpl.connection_connect(FilterChainImpl.java:142)
	at com.alibaba.druid.pool.DruidAbstractDataSource.createPhysicalConnection(DruidAbstractDataSource.java:1463)
	at com.alibaba.druid.pool.DruidAbstractDataSource.createPhysicalConnection(DruidAbstractDataSource.java:1525)
	at com.alibaba.druid.pool.DruidDataSource$CreateConnectionThread.run(DruidDataSource.java:2100)
Caused by: java.net.SocketException: Host is down
	at java.base/sun.nio.ch.Net.connect0(Native Method)
	at java.base/sun.nio.ch.Net.connect(Net.java:579)
	at java.base/sun.nio.ch.Net.connect(Net.java:568)
	at java.base/sun.nio.ch.NioSocketImpl.connect(NioSocketImpl.java:588)
	at java.base/java.net.SocksSocketImpl.connect(SocksSocketImpl.java:327)
	at java.base/java.net.Socket.connect(Socket.java:633)
	at dm.jdbc.a.c.d(SourceFile:110)
	at dm.jdbc.a.c.b(SourceFile:68)
	at dm.jdbc.a.c.g(SourceFile:1)
	at dm.jdbc.a.a.init(SourceFile:201)
	... 13 more

2025-07-02 23:58:56
[ERROR]-[Thread: Druid-ConnectionPool-Create-1773697361]-[com.alibaba.druid.pool.DruidDataSource$CreateConnectionThread.run()]: create connection error, url: jdbc:dm://192.168.1.6:5236/XLQCERP, errorCode 6001, state 08S01
dm.jdbc.driver.DMException: 网络通信异常
	at dm.jdbc.driver.DBError.throwException(SourceFile:807)
	at dm.jdbc.a.a.init(SourceFile:207)
	at dm.jdbc.a.a.<init>(SourceFile:174)
	at dm.jdbc.driver.DmdbConnection.openConnection(SourceFile:693)
	at dm.jdbc.internal.conf.EP.connect(SourceFile:143)
	at dm.jdbc.internal.conf.EPGroup$EPSelector.select(SourceFile:501)
	at dm.jdbc.internal.conf.EPGroup.connect(SourceFile:345)
	at dm.jdbc.driver.DmDriver.do_connect(SourceFile:164)
	at dm.jdbc.driver.DmDriver.connect(SourceFile:450)
	at com.alibaba.druid.filter.FilterChainImpl.connection_connect(FilterChainImpl.java:148)
	at com.alibaba.druid.filter.FilterAdapter.connection_connect(FilterAdapter.java:785)
	at com.alibaba.druid.filter.FilterChainImpl.connection_connect(FilterChainImpl.java:142)
	at com.alibaba.druid.pool.DruidAbstractDataSource.createPhysicalConnection(DruidAbstractDataSource.java:1463)
	at com.alibaba.druid.pool.DruidAbstractDataSource.createPhysicalConnection(DruidAbstractDataSource.java:1525)
	at com.alibaba.druid.pool.DruidDataSource$CreateConnectionThread.run(DruidDataSource.java:2100)
Caused by: java.net.SocketException: Host is down
	at java.base/sun.nio.ch.Net.connect0(Native Method)
	at java.base/sun.nio.ch.Net.connect(Net.java:579)
	at java.base/sun.nio.ch.Net.connect(Net.java:568)
	at java.base/sun.nio.ch.NioSocketImpl.connect(NioSocketImpl.java:588)
	at java.base/java.net.SocksSocketImpl.connect(SocksSocketImpl.java:327)
	at java.base/java.net.Socket.connect(Socket.java:633)
	at dm.jdbc.a.c.d(SourceFile:110)
	at dm.jdbc.a.c.b(SourceFile:68)
	at dm.jdbc.a.c.g(SourceFile:1)
	at dm.jdbc.a.a.init(SourceFile:201)
	... 13 more

2025-07-02 23:58:57
[ERROR]-[Thread: Druid-ConnectionPool-Create-1773697361]-[com.alibaba.druid.pool.DruidDataSource$CreateConnectionThread.run()]: create connection error, url: jdbc:dm://192.168.1.6:5236/XLQCERP, errorCode 6001, state 08S01
dm.jdbc.driver.DMException: 网络通信异常
	at dm.jdbc.driver.DBError.throwException(SourceFile:807)
	at dm.jdbc.a.a.init(SourceFile:207)
	at dm.jdbc.a.a.<init>(SourceFile:174)
	at dm.jdbc.driver.DmdbConnection.openConnection(SourceFile:693)
	at dm.jdbc.internal.conf.EP.connect(SourceFile:143)
	at dm.jdbc.internal.conf.EPGroup$EPSelector.select(SourceFile:501)
	at dm.jdbc.internal.conf.EPGroup.connect(SourceFile:345)
	at dm.jdbc.driver.DmDriver.do_connect(SourceFile:164)
	at dm.jdbc.driver.DmDriver.connect(SourceFile:450)
	at com.alibaba.druid.filter.FilterChainImpl.connection_connect(FilterChainImpl.java:148)
	at com.alibaba.druid.filter.FilterAdapter.connection_connect(FilterAdapter.java:785)
	at com.alibaba.druid.filter.FilterChainImpl.connection_connect(FilterChainImpl.java:142)
	at com.alibaba.druid.pool.DruidAbstractDataSource.createPhysicalConnection(DruidAbstractDataSource.java:1463)
	at com.alibaba.druid.pool.DruidAbstractDataSource.createPhysicalConnection(DruidAbstractDataSource.java:1525)
	at com.alibaba.druid.pool.DruidDataSource$CreateConnectionThread.run(DruidDataSource.java:2100)
Caused by: java.net.SocketException: Host is down
	at java.base/sun.nio.ch.Net.connect0(Native Method)
	at java.base/sun.nio.ch.Net.connect(Net.java:579)
	at java.base/sun.nio.ch.Net.connect(Net.java:568)
	at java.base/sun.nio.ch.NioSocketImpl.connect(NioSocketImpl.java:588)
	at java.base/java.net.SocksSocketImpl.connect(SocksSocketImpl.java:327)
	at java.base/java.net.Socket.connect(Socket.java:633)
	at dm.jdbc.a.c.d(SourceFile:110)
	at dm.jdbc.a.c.b(SourceFile:68)
	at dm.jdbc.a.c.g(SourceFile:1)
	at dm.jdbc.a.a.init(SourceFile:201)
	... 13 more

2025-07-02 23:58:58
[ERROR]-[Thread: Druid-ConnectionPool-Create-1773697361]-[com.alibaba.druid.pool.DruidDataSource$CreateConnectionThread.run()]: create connection error, url: jdbc:dm://192.168.1.6:5236/XLQCERP, errorCode 6001, state 08S01
dm.jdbc.driver.DMException: 网络通信异常
	at dm.jdbc.driver.DBError.throwException(SourceFile:807)
	at dm.jdbc.a.a.init(SourceFile:207)
	at dm.jdbc.a.a.<init>(SourceFile:174)
	at dm.jdbc.driver.DmdbConnection.openConnection(SourceFile:693)
	at dm.jdbc.internal.conf.EP.connect(SourceFile:143)
	at dm.jdbc.internal.conf.EPGroup$EPSelector.select(SourceFile:501)
	at dm.jdbc.internal.conf.EPGroup.connect(SourceFile:345)
	at dm.jdbc.driver.DmDriver.do_connect(SourceFile:164)
	at dm.jdbc.driver.DmDriver.connect(SourceFile:450)
	at com.alibaba.druid.filter.FilterChainImpl.connection_connect(FilterChainImpl.java:148)
	at com.alibaba.druid.filter.FilterAdapter.connection_connect(FilterAdapter.java:785)
	at com.alibaba.druid.filter.FilterChainImpl.connection_connect(FilterChainImpl.java:142)
	at com.alibaba.druid.pool.DruidAbstractDataSource.createPhysicalConnection(DruidAbstractDataSource.java:1463)
	at com.alibaba.druid.pool.DruidAbstractDataSource.createPhysicalConnection(DruidAbstractDataSource.java:1525)
	at com.alibaba.druid.pool.DruidDataSource$CreateConnectionThread.run(DruidDataSource.java:2100)
Caused by: java.net.SocketException: Host is down
	at java.base/sun.nio.ch.Net.connect0(Native Method)
	at java.base/sun.nio.ch.Net.connect(Net.java:579)
	at java.base/sun.nio.ch.Net.connect(Net.java:568)
	at java.base/sun.nio.ch.NioSocketImpl.connect(NioSocketImpl.java:588)
	at java.base/java.net.SocksSocketImpl.connect(SocksSocketImpl.java:327)
	at java.base/java.net.Socket.connect(Socket.java:633)
	at dm.jdbc.a.c.d(SourceFile:110)
	at dm.jdbc.a.c.b(SourceFile:68)
	at dm.jdbc.a.c.g(SourceFile:1)
	at dm.jdbc.a.a.init(SourceFile:201)
	... 13 more

2025-07-02 23:58:58
[ERROR]-[Thread: Druid-ConnectionPool-Create-1773697361]-[com.alibaba.druid.pool.DruidDataSource$CreateConnectionThread.run()]: create connection error, url: jdbc:dm://192.168.1.6:5236/XLQCERP, errorCode 6001, state 08S01
dm.jdbc.driver.DMException: 网络通信异常
	at dm.jdbc.driver.DBError.throwException(SourceFile:807)
	at dm.jdbc.a.a.init(SourceFile:207)
	at dm.jdbc.a.a.<init>(SourceFile:174)
	at dm.jdbc.driver.DmdbConnection.openConnection(SourceFile:693)
	at dm.jdbc.internal.conf.EP.connect(SourceFile:143)
	at dm.jdbc.internal.conf.EPGroup$EPSelector.select(SourceFile:501)
	at dm.jdbc.internal.conf.EPGroup.connect(SourceFile:345)
	at dm.jdbc.driver.DmDriver.do_connect(SourceFile:164)
	at dm.jdbc.driver.DmDriver.connect(SourceFile:450)
	at com.alibaba.druid.filter.FilterChainImpl.connection_connect(FilterChainImpl.java:148)
	at com.alibaba.druid.filter.FilterAdapter.connection_connect(FilterAdapter.java:785)
	at com.alibaba.druid.filter.FilterChainImpl.connection_connect(FilterChainImpl.java:142)
	at com.alibaba.druid.pool.DruidAbstractDataSource.createPhysicalConnection(DruidAbstractDataSource.java:1463)
	at com.alibaba.druid.pool.DruidAbstractDataSource.createPhysicalConnection(DruidAbstractDataSource.java:1525)
	at com.alibaba.druid.pool.DruidDataSource$CreateConnectionThread.run(DruidDataSource.java:2100)
Caused by: java.net.SocketException: Host is down
	at java.base/sun.nio.ch.Net.connect0(Native Method)
	at java.base/sun.nio.ch.Net.connect(Net.java:579)
	at java.base/sun.nio.ch.Net.connect(Net.java:568)
	at java.base/sun.nio.ch.NioSocketImpl.connect(NioSocketImpl.java:588)
	at java.base/java.net.SocksSocketImpl.connect(SocksSocketImpl.java:327)
	at java.base/java.net.Socket.connect(Socket.java:633)
	at dm.jdbc.a.c.d(SourceFile:110)
	at dm.jdbc.a.c.b(SourceFile:68)
	at dm.jdbc.a.c.g(SourceFile:1)
	at dm.jdbc.a.a.init(SourceFile:201)
	... 13 more

2025-07-02 23:58:59
[ERROR]-[Thread: Druid-ConnectionPool-Create-1773697361]-[com.alibaba.druid.pool.DruidDataSource$CreateConnectionThread.run()]: create connection error, url: jdbc:dm://192.168.1.6:5236/XLQCERP, errorCode 6001, state 08S01
dm.jdbc.driver.DMException: 网络通信异常
	at dm.jdbc.driver.DBError.throwException(SourceFile:807)
	at dm.jdbc.a.a.init(SourceFile:207)
	at dm.jdbc.a.a.<init>(SourceFile:174)
	at dm.jdbc.driver.DmdbConnection.openConnection(SourceFile:693)
	at dm.jdbc.internal.conf.EP.connect(SourceFile:143)
	at dm.jdbc.internal.conf.EPGroup$EPSelector.select(SourceFile:501)
	at dm.jdbc.internal.conf.EPGroup.connect(SourceFile:345)
	at dm.jdbc.driver.DmDriver.do_connect(SourceFile:164)
	at dm.jdbc.driver.DmDriver.connect(SourceFile:450)
	at com.alibaba.druid.filter.FilterChainImpl.connection_connect(FilterChainImpl.java:148)
	at com.alibaba.druid.filter.FilterAdapter.connection_connect(FilterAdapter.java:785)
	at com.alibaba.druid.filter.FilterChainImpl.connection_connect(FilterChainImpl.java:142)
	at com.alibaba.druid.pool.DruidAbstractDataSource.createPhysicalConnection(DruidAbstractDataSource.java:1463)
	at com.alibaba.druid.pool.DruidAbstractDataSource.createPhysicalConnection(DruidAbstractDataSource.java:1525)
	at com.alibaba.druid.pool.DruidDataSource$CreateConnectionThread.run(DruidDataSource.java:2100)
Caused by: java.net.SocketException: Host is down
	at java.base/sun.nio.ch.Net.connect0(Native Method)
	at java.base/sun.nio.ch.Net.connect(Net.java:579)
	at java.base/sun.nio.ch.Net.connect(Net.java:568)
	at java.base/sun.nio.ch.NioSocketImpl.connect(NioSocketImpl.java:588)
	at java.base/java.net.SocksSocketImpl.connect(SocksSocketImpl.java:327)
	at java.base/java.net.Socket.connect(Socket.java:633)
	at dm.jdbc.a.c.d(SourceFile:110)
	at dm.jdbc.a.c.b(SourceFile:68)
	at dm.jdbc.a.c.g(SourceFile:1)
	at dm.jdbc.a.a.init(SourceFile:201)
	... 13 more

2025-07-02 23:58:59
[ERROR]-[Thread: Druid-ConnectionPool-Create-1773697361]-[com.alibaba.druid.pool.DruidDataSource$CreateConnectionThread.run()]: create connection error, url: jdbc:dm://192.168.1.6:5236/XLQCERP, errorCode 6001, state 08S01
dm.jdbc.driver.DMException: 网络通信异常
	at dm.jdbc.driver.DBError.throwException(SourceFile:807)
	at dm.jdbc.a.a.init(SourceFile:207)
	at dm.jdbc.a.a.<init>(SourceFile:174)
	at dm.jdbc.driver.DmdbConnection.openConnection(SourceFile:693)
	at dm.jdbc.internal.conf.EP.connect(SourceFile:143)
	at dm.jdbc.internal.conf.EPGroup$EPSelector.select(SourceFile:501)
	at dm.jdbc.internal.conf.EPGroup.connect(SourceFile:345)
	at dm.jdbc.driver.DmDriver.do_connect(SourceFile:164)
	at dm.jdbc.driver.DmDriver.connect(SourceFile:450)
	at com.alibaba.druid.filter.FilterChainImpl.connection_connect(FilterChainImpl.java:148)
	at com.alibaba.druid.filter.FilterAdapter.connection_connect(FilterAdapter.java:785)
	at com.alibaba.druid.filter.FilterChainImpl.connection_connect(FilterChainImpl.java:142)
	at com.alibaba.druid.pool.DruidAbstractDataSource.createPhysicalConnection(DruidAbstractDataSource.java:1463)
	at com.alibaba.druid.pool.DruidAbstractDataSource.createPhysicalConnection(DruidAbstractDataSource.java:1525)
	at com.alibaba.druid.pool.DruidDataSource$CreateConnectionThread.run(DruidDataSource.java:2100)
Caused by: java.net.SocketException: Host is down
	at java.base/sun.nio.ch.Net.connect0(Native Method)
	at java.base/sun.nio.ch.Net.connect(Net.java:579)
	at java.base/sun.nio.ch.Net.connect(Net.java:568)
	at java.base/sun.nio.ch.NioSocketImpl.connect(NioSocketImpl.java:588)
	at java.base/java.net.SocksSocketImpl.connect(SocksSocketImpl.java:327)
	at java.base/java.net.Socket.connect(Socket.java:633)
	at dm.jdbc.a.c.d(SourceFile:110)
	at dm.jdbc.a.c.b(SourceFile:68)
	at dm.jdbc.a.c.g(SourceFile:1)
	at dm.jdbc.a.a.init(SourceFile:201)
	... 13 more

2025-07-02 23:59:00
[ERROR]-[Thread: Druid-ConnectionPool-Create-1773697361]-[com.alibaba.druid.pool.DruidDataSource$CreateConnectionThread.run()]: create connection error, url: jdbc:dm://192.168.1.6:5236/XLQCERP, errorCode 6001, state 08S01
dm.jdbc.driver.DMException: 网络通信异常
	at dm.jdbc.driver.DBError.throwException(SourceFile:807)
	at dm.jdbc.a.a.init(SourceFile:207)
	at dm.jdbc.a.a.<init>(SourceFile:174)
	at dm.jdbc.driver.DmdbConnection.openConnection(SourceFile:693)
	at dm.jdbc.internal.conf.EP.connect(SourceFile:143)
	at dm.jdbc.internal.conf.EPGroup$EPSelector.select(SourceFile:501)
	at dm.jdbc.internal.conf.EPGroup.connect(SourceFile:345)
	at dm.jdbc.driver.DmDriver.do_connect(SourceFile:164)
	at dm.jdbc.driver.DmDriver.connect(SourceFile:450)
	at com.alibaba.druid.filter.FilterChainImpl.connection_connect(FilterChainImpl.java:148)
	at com.alibaba.druid.filter.FilterAdapter.connection_connect(FilterAdapter.java:785)
	at com.alibaba.druid.filter.FilterChainImpl.connection_connect(FilterChainImpl.java:142)
	at com.alibaba.druid.pool.DruidAbstractDataSource.createPhysicalConnection(DruidAbstractDataSource.java:1463)
	at com.alibaba.druid.pool.DruidAbstractDataSource.createPhysicalConnection(DruidAbstractDataSource.java:1525)
	at com.alibaba.druid.pool.DruidDataSource$CreateConnectionThread.run(DruidDataSource.java:2100)
Caused by: java.net.SocketException: Host is down
	at java.base/sun.nio.ch.Net.connect0(Native Method)
	at java.base/sun.nio.ch.Net.connect(Net.java:579)
	at java.base/sun.nio.ch.Net.connect(Net.java:568)
	at java.base/sun.nio.ch.NioSocketImpl.connect(NioSocketImpl.java:588)
	at java.base/java.net.SocksSocketImpl.connect(SocksSocketImpl.java:327)
	at java.base/java.net.Socket.connect(Socket.java:633)
	at dm.jdbc.a.c.d(SourceFile:110)
	at dm.jdbc.a.c.b(SourceFile:68)
	at dm.jdbc.a.c.g(SourceFile:1)
	at dm.jdbc.a.a.init(SourceFile:201)
	... 13 more

2025-07-02 23:59:00
[ERROR]-[Thread: Druid-ConnectionPool-Create-1773697361]-[com.alibaba.druid.pool.DruidDataSource$CreateConnectionThread.run()]: create connection error, url: jdbc:dm://192.168.1.6:5236/XLQCERP, errorCode 6001, state 08S01
dm.jdbc.driver.DMException: 网络通信异常
	at dm.jdbc.driver.DBError.throwException(SourceFile:807)
	at dm.jdbc.a.a.init(SourceFile:207)
	at dm.jdbc.a.a.<init>(SourceFile:174)
	at dm.jdbc.driver.DmdbConnection.openConnection(SourceFile:693)
	at dm.jdbc.internal.conf.EP.connect(SourceFile:143)
	at dm.jdbc.internal.conf.EPGroup$EPSelector.select(SourceFile:501)
	at dm.jdbc.internal.conf.EPGroup.connect(SourceFile:345)
	at dm.jdbc.driver.DmDriver.do_connect(SourceFile:164)
	at dm.jdbc.driver.DmDriver.connect(SourceFile:450)
	at com.alibaba.druid.filter.FilterChainImpl.connection_connect(FilterChainImpl.java:148)
	at com.alibaba.druid.filter.FilterAdapter.connection_connect(FilterAdapter.java:785)
	at com.alibaba.druid.filter.FilterChainImpl.connection_connect(FilterChainImpl.java:142)
	at com.alibaba.druid.pool.DruidAbstractDataSource.createPhysicalConnection(DruidAbstractDataSource.java:1463)
	at com.alibaba.druid.pool.DruidAbstractDataSource.createPhysicalConnection(DruidAbstractDataSource.java:1525)
	at com.alibaba.druid.pool.DruidDataSource$CreateConnectionThread.run(DruidDataSource.java:2100)
Caused by: java.net.SocketException: Host is down
	at java.base/sun.nio.ch.Net.connect0(Native Method)
	at java.base/sun.nio.ch.Net.connect(Net.java:579)
	at java.base/sun.nio.ch.Net.connect(Net.java:568)
	at java.base/sun.nio.ch.NioSocketImpl.connect(NioSocketImpl.java:588)
	at java.base/java.net.SocksSocketImpl.connect(SocksSocketImpl.java:327)
	at java.base/java.net.Socket.connect(Socket.java:633)
	at dm.jdbc.a.c.d(SourceFile:110)
	at dm.jdbc.a.c.b(SourceFile:68)
	at dm.jdbc.a.c.g(SourceFile:1)
	at dm.jdbc.a.a.init(SourceFile:201)
	... 13 more

2025-07-02 23:59:01
[ERROR]-[Thread: Druid-ConnectionPool-Create-1773697361]-[com.alibaba.druid.pool.DruidDataSource$CreateConnectionThread.run()]: create connection error, url: jdbc:dm://192.168.1.6:5236/XLQCERP, errorCode 6001, state 08S01
dm.jdbc.driver.DMException: 网络通信异常
	at dm.jdbc.driver.DBError.throwException(SourceFile:807)
	at dm.jdbc.a.a.init(SourceFile:207)
	at dm.jdbc.a.a.<init>(SourceFile:174)
	at dm.jdbc.driver.DmdbConnection.openConnection(SourceFile:693)
	at dm.jdbc.internal.conf.EP.connect(SourceFile:143)
	at dm.jdbc.internal.conf.EPGroup$EPSelector.select(SourceFile:501)
	at dm.jdbc.internal.conf.EPGroup.connect(SourceFile:345)
	at dm.jdbc.driver.DmDriver.do_connect(SourceFile:164)
	at dm.jdbc.driver.DmDriver.connect(SourceFile:450)
	at com.alibaba.druid.filter.FilterChainImpl.connection_connect(FilterChainImpl.java:148)
	at com.alibaba.druid.filter.FilterAdapter.connection_connect(FilterAdapter.java:785)
	at com.alibaba.druid.filter.FilterChainImpl.connection_connect(FilterChainImpl.java:142)
	at com.alibaba.druid.pool.DruidAbstractDataSource.createPhysicalConnection(DruidAbstractDataSource.java:1463)
	at com.alibaba.druid.pool.DruidAbstractDataSource.createPhysicalConnection(DruidAbstractDataSource.java:1525)
	at com.alibaba.druid.pool.DruidDataSource$CreateConnectionThread.run(DruidDataSource.java:2100)
Caused by: java.net.SocketException: Host is down
	at java.base/sun.nio.ch.Net.connect0(Native Method)
	at java.base/sun.nio.ch.Net.connect(Net.java:579)
	at java.base/sun.nio.ch.Net.connect(Net.java:568)
	at java.base/sun.nio.ch.NioSocketImpl.connect(NioSocketImpl.java:588)
	at java.base/java.net.SocksSocketImpl.connect(SocksSocketImpl.java:327)
	at java.base/java.net.Socket.connect(Socket.java:633)
	at dm.jdbc.a.c.d(SourceFile:110)
	at dm.jdbc.a.c.b(SourceFile:68)
	at dm.jdbc.a.c.g(SourceFile:1)
	at dm.jdbc.a.a.init(SourceFile:201)
	... 13 more

2025-07-02 23:59:01
[ERROR]-[Thread: Druid-ConnectionPool-Create-1773697361]-[com.alibaba.druid.pool.DruidDataSource$CreateConnectionThread.run()]: create connection error, url: jdbc:dm://192.168.1.6:5236/XLQCERP, errorCode 6001, state 08S01
dm.jdbc.driver.DMException: 网络通信异常
	at dm.jdbc.driver.DBError.throwException(SourceFile:807)
	at dm.jdbc.a.a.init(SourceFile:207)
	at dm.jdbc.a.a.<init>(SourceFile:174)
	at dm.jdbc.driver.DmdbConnection.openConnection(SourceFile:693)
	at dm.jdbc.internal.conf.EP.connect(SourceFile:143)
	at dm.jdbc.internal.conf.EPGroup$EPSelector.select(SourceFile:501)
	at dm.jdbc.internal.conf.EPGroup.connect(SourceFile:345)
	at dm.jdbc.driver.DmDriver.do_connect(SourceFile:164)
	at dm.jdbc.driver.DmDriver.connect(SourceFile:450)
	at com.alibaba.druid.filter.FilterChainImpl.connection_connect(FilterChainImpl.java:148)
	at com.alibaba.druid.filter.FilterAdapter.connection_connect(FilterAdapter.java:785)
	at com.alibaba.druid.filter.FilterChainImpl.connection_connect(FilterChainImpl.java:142)
	at com.alibaba.druid.pool.DruidAbstractDataSource.createPhysicalConnection(DruidAbstractDataSource.java:1463)
	at com.alibaba.druid.pool.DruidAbstractDataSource.createPhysicalConnection(DruidAbstractDataSource.java:1525)
	at com.alibaba.druid.pool.DruidDataSource$CreateConnectionThread.run(DruidDataSource.java:2100)
Caused by: java.net.SocketException: Host is down
	at java.base/sun.nio.ch.Net.connect0(Native Method)
	at java.base/sun.nio.ch.Net.connect(Net.java:579)
	at java.base/sun.nio.ch.Net.connect(Net.java:568)
	at java.base/sun.nio.ch.NioSocketImpl.connect(NioSocketImpl.java:588)
	at java.base/java.net.SocksSocketImpl.connect(SocksSocketImpl.java:327)
	at java.base/java.net.Socket.connect(Socket.java:633)
	at dm.jdbc.a.c.d(SourceFile:110)
	at dm.jdbc.a.c.b(SourceFile:68)
	at dm.jdbc.a.c.g(SourceFile:1)
	at dm.jdbc.a.a.init(SourceFile:201)
	... 13 more

2025-07-02 23:59:02
[ERROR]-[Thread: Druid-ConnectionPool-Create-1773697361]-[com.alibaba.druid.pool.DruidDataSource$CreateConnectionThread.run()]: create connection error, url: jdbc:dm://192.168.1.6:5236/XLQCERP, errorCode 6001, state 08S01
dm.jdbc.driver.DMException: 网络通信异常
	at dm.jdbc.driver.DBError.throwException(SourceFile:807)
	at dm.jdbc.a.a.init(SourceFile:207)
	at dm.jdbc.a.a.<init>(SourceFile:174)
	at dm.jdbc.driver.DmdbConnection.openConnection(SourceFile:693)
	at dm.jdbc.internal.conf.EP.connect(SourceFile:143)
	at dm.jdbc.internal.conf.EPGroup$EPSelector.select(SourceFile:501)
	at dm.jdbc.internal.conf.EPGroup.connect(SourceFile:345)
	at dm.jdbc.driver.DmDriver.do_connect(SourceFile:164)
	at dm.jdbc.driver.DmDriver.connect(SourceFile:450)
	at com.alibaba.druid.filter.FilterChainImpl.connection_connect(FilterChainImpl.java:148)
	at com.alibaba.druid.filter.FilterAdapter.connection_connect(FilterAdapter.java:785)
	at com.alibaba.druid.filter.FilterChainImpl.connection_connect(FilterChainImpl.java:142)
	at com.alibaba.druid.pool.DruidAbstractDataSource.createPhysicalConnection(DruidAbstractDataSource.java:1463)
	at com.alibaba.druid.pool.DruidAbstractDataSource.createPhysicalConnection(DruidAbstractDataSource.java:1525)
	at com.alibaba.druid.pool.DruidDataSource$CreateConnectionThread.run(DruidDataSource.java:2100)
Caused by: java.net.SocketException: Host is down
	at java.base/sun.nio.ch.Net.connect0(Native Method)
	at java.base/sun.nio.ch.Net.connect(Net.java:579)
	at java.base/sun.nio.ch.Net.connect(Net.java:568)
	at java.base/sun.nio.ch.NioSocketImpl.connect(NioSocketImpl.java:588)
	at java.base/java.net.SocksSocketImpl.connect(SocksSocketImpl.java:327)
	at java.base/java.net.Socket.connect(Socket.java:633)
	at dm.jdbc.a.c.d(SourceFile:110)
	at dm.jdbc.a.c.b(SourceFile:68)
	at dm.jdbc.a.c.g(SourceFile:1)
	at dm.jdbc.a.a.init(SourceFile:201)
	... 13 more

2025-07-02 23:59:02
[ERROR]-[Thread: Druid-ConnectionPool-Create-1773697361]-[com.alibaba.druid.pool.DruidDataSource$CreateConnectionThread.run()]: create connection error, url: jdbc:dm://192.168.1.6:5236/XLQCERP, errorCode 6001, state 08S01
dm.jdbc.driver.DMException: 网络通信异常
	at dm.jdbc.driver.DBError.throwException(SourceFile:807)
	at dm.jdbc.a.a.init(SourceFile:207)
	at dm.jdbc.a.a.<init>(SourceFile:174)
	at dm.jdbc.driver.DmdbConnection.openConnection(SourceFile:693)
	at dm.jdbc.internal.conf.EP.connect(SourceFile:143)
	at dm.jdbc.internal.conf.EPGroup$EPSelector.select(SourceFile:501)
	at dm.jdbc.internal.conf.EPGroup.connect(SourceFile:345)
	at dm.jdbc.driver.DmDriver.do_connect(SourceFile:164)
	at dm.jdbc.driver.DmDriver.connect(SourceFile:450)
	at com.alibaba.druid.filter.FilterChainImpl.connection_connect(FilterChainImpl.java:148)
	at com.alibaba.druid.filter.FilterAdapter.connection_connect(FilterAdapter.java:785)
	at com.alibaba.druid.filter.FilterChainImpl.connection_connect(FilterChainImpl.java:142)
	at com.alibaba.druid.pool.DruidAbstractDataSource.createPhysicalConnection(DruidAbstractDataSource.java:1463)
	at com.alibaba.druid.pool.DruidAbstractDataSource.createPhysicalConnection(DruidAbstractDataSource.java:1525)
	at com.alibaba.druid.pool.DruidDataSource$CreateConnectionThread.run(DruidDataSource.java:2100)
Caused by: java.net.SocketException: Host is down
	at java.base/sun.nio.ch.Net.connect0(Native Method)
	at java.base/sun.nio.ch.Net.connect(Net.java:579)
	at java.base/sun.nio.ch.Net.connect(Net.java:568)
	at java.base/sun.nio.ch.NioSocketImpl.connect(NioSocketImpl.java:588)
	at java.base/java.net.SocksSocketImpl.connect(SocksSocketImpl.java:327)
	at java.base/java.net.Socket.connect(Socket.java:633)
	at dm.jdbc.a.c.d(SourceFile:110)
	at dm.jdbc.a.c.b(SourceFile:68)
	at dm.jdbc.a.c.g(SourceFile:1)
	at dm.jdbc.a.a.init(SourceFile:201)
	... 13 more

2025-07-02 23:59:03
[ERROR]-[Thread: Druid-ConnectionPool-Create-1773697361]-[com.alibaba.druid.pool.DruidDataSource$CreateConnectionThread.run()]: create connection error, url: jdbc:dm://192.168.1.6:5236/XLQCERP, errorCode 6001, state 08S01
dm.jdbc.driver.DMException: 网络通信异常
	at dm.jdbc.driver.DBError.throwException(SourceFile:807)
	at dm.jdbc.a.a.init(SourceFile:207)
	at dm.jdbc.a.a.<init>(SourceFile:174)
	at dm.jdbc.driver.DmdbConnection.openConnection(SourceFile:693)
	at dm.jdbc.internal.conf.EP.connect(SourceFile:143)
	at dm.jdbc.internal.conf.EPGroup$EPSelector.select(SourceFile:501)
	at dm.jdbc.internal.conf.EPGroup.connect(SourceFile:345)
	at dm.jdbc.driver.DmDriver.do_connect(SourceFile:164)
	at dm.jdbc.driver.DmDriver.connect(SourceFile:450)
	at com.alibaba.druid.filter.FilterChainImpl.connection_connect(FilterChainImpl.java:148)
	at com.alibaba.druid.filter.FilterAdapter.connection_connect(FilterAdapter.java:785)
	at com.alibaba.druid.filter.FilterChainImpl.connection_connect(FilterChainImpl.java:142)
	at com.alibaba.druid.pool.DruidAbstractDataSource.createPhysicalConnection(DruidAbstractDataSource.java:1463)
	at com.alibaba.druid.pool.DruidAbstractDataSource.createPhysicalConnection(DruidAbstractDataSource.java:1525)
	at com.alibaba.druid.pool.DruidDataSource$CreateConnectionThread.run(DruidDataSource.java:2100)
Caused by: java.net.SocketException: Host is down
	at java.base/sun.nio.ch.Net.connect0(Native Method)
	at java.base/sun.nio.ch.Net.connect(Net.java:579)
	at java.base/sun.nio.ch.Net.connect(Net.java:568)
	at java.base/sun.nio.ch.NioSocketImpl.connect(NioSocketImpl.java:588)
	at java.base/java.net.SocksSocketImpl.connect(SocksSocketImpl.java:327)
	at java.base/java.net.Socket.connect(Socket.java:633)
	at dm.jdbc.a.c.d(SourceFile:110)
	at dm.jdbc.a.c.b(SourceFile:68)
	at dm.jdbc.a.c.g(SourceFile:1)
	at dm.jdbc.a.a.init(SourceFile:201)
	... 13 more

2025-07-02 23:59:03
[ERROR]-[Thread: Druid-ConnectionPool-Create-1773697361]-[com.alibaba.druid.pool.DruidDataSource$CreateConnectionThread.run()]: create connection error, url: jdbc:dm://192.168.1.6:5236/XLQCERP, errorCode 6001, state 08S01
dm.jdbc.driver.DMException: 网络通信异常
	at dm.jdbc.driver.DBError.throwException(SourceFile:807)
	at dm.jdbc.a.a.init(SourceFile:207)
	at dm.jdbc.a.a.<init>(SourceFile:174)
	at dm.jdbc.driver.DmdbConnection.openConnection(SourceFile:693)
	at dm.jdbc.internal.conf.EP.connect(SourceFile:143)
	at dm.jdbc.internal.conf.EPGroup$EPSelector.select(SourceFile:501)
	at dm.jdbc.internal.conf.EPGroup.connect(SourceFile:345)
	at dm.jdbc.driver.DmDriver.do_connect(SourceFile:164)
	at dm.jdbc.driver.DmDriver.connect(SourceFile:450)
	at com.alibaba.druid.filter.FilterChainImpl.connection_connect(FilterChainImpl.java:148)
	at com.alibaba.druid.filter.FilterAdapter.connection_connect(FilterAdapter.java:785)
	at com.alibaba.druid.filter.FilterChainImpl.connection_connect(FilterChainImpl.java:142)
	at com.alibaba.druid.pool.DruidAbstractDataSource.createPhysicalConnection(DruidAbstractDataSource.java:1463)
	at com.alibaba.druid.pool.DruidAbstractDataSource.createPhysicalConnection(DruidAbstractDataSource.java:1525)
	at com.alibaba.druid.pool.DruidDataSource$CreateConnectionThread.run(DruidDataSource.java:2100)
Caused by: java.net.SocketException: Host is down
	at java.base/sun.nio.ch.Net.connect0(Native Method)
	at java.base/sun.nio.ch.Net.connect(Net.java:579)
	at java.base/sun.nio.ch.Net.connect(Net.java:568)
	at java.base/sun.nio.ch.NioSocketImpl.connect(NioSocketImpl.java:588)
	at java.base/java.net.SocksSocketImpl.connect(SocksSocketImpl.java:327)
	at java.base/java.net.Socket.connect(Socket.java:633)
	at dm.jdbc.a.c.d(SourceFile:110)
	at dm.jdbc.a.c.b(SourceFile:68)
	at dm.jdbc.a.c.g(SourceFile:1)
	at dm.jdbc.a.a.init(SourceFile:201)
	... 13 more

2025-07-02 23:59:04
[ERROR]-[Thread: Druid-ConnectionPool-Create-1773697361]-[com.alibaba.druid.pool.DruidDataSource$CreateConnectionThread.run()]: create connection error, url: jdbc:dm://192.168.1.6:5236/XLQCERP, errorCode 6001, state 08S01
dm.jdbc.driver.DMException: 网络通信异常
	at dm.jdbc.driver.DBError.throwException(SourceFile:807)
	at dm.jdbc.a.a.init(SourceFile:207)
	at dm.jdbc.a.a.<init>(SourceFile:174)
	at dm.jdbc.driver.DmdbConnection.openConnection(SourceFile:693)
	at dm.jdbc.internal.conf.EP.connect(SourceFile:143)
	at dm.jdbc.internal.conf.EPGroup$EPSelector.select(SourceFile:501)
	at dm.jdbc.internal.conf.EPGroup.connect(SourceFile:345)
	at dm.jdbc.driver.DmDriver.do_connect(SourceFile:164)
	at dm.jdbc.driver.DmDriver.connect(SourceFile:450)
	at com.alibaba.druid.filter.FilterChainImpl.connection_connect(FilterChainImpl.java:148)
	at com.alibaba.druid.filter.FilterAdapter.connection_connect(FilterAdapter.java:785)
	at com.alibaba.druid.filter.FilterChainImpl.connection_connect(FilterChainImpl.java:142)
	at com.alibaba.druid.pool.DruidAbstractDataSource.createPhysicalConnection(DruidAbstractDataSource.java:1463)
	at com.alibaba.druid.pool.DruidAbstractDataSource.createPhysicalConnection(DruidAbstractDataSource.java:1525)
	at com.alibaba.druid.pool.DruidDataSource$CreateConnectionThread.run(DruidDataSource.java:2100)
Caused by: java.net.SocketException: Host is down
	at java.base/sun.nio.ch.Net.connect0(Native Method)
	at java.base/sun.nio.ch.Net.connect(Net.java:579)
	at java.base/sun.nio.ch.Net.connect(Net.java:568)
	at java.base/sun.nio.ch.NioSocketImpl.connect(NioSocketImpl.java:588)
	at java.base/java.net.SocksSocketImpl.connect(SocksSocketImpl.java:327)
	at java.base/java.net.Socket.connect(Socket.java:633)
	at dm.jdbc.a.c.d(SourceFile:110)
	at dm.jdbc.a.c.b(SourceFile:68)
	at dm.jdbc.a.c.g(SourceFile:1)
	at dm.jdbc.a.a.init(SourceFile:201)
	... 13 more

2025-07-02 23:59:04
[ERROR]-[Thread: Druid-ConnectionPool-Create-1773697361]-[com.alibaba.druid.pool.DruidDataSource$CreateConnectionThread.run()]: create connection error, url: jdbc:dm://192.168.1.6:5236/XLQCERP, errorCode 6001, state 08S01
dm.jdbc.driver.DMException: 网络通信异常
	at dm.jdbc.driver.DBError.throwException(SourceFile:807)
	at dm.jdbc.a.a.init(SourceFile:207)
	at dm.jdbc.a.a.<init>(SourceFile:174)
	at dm.jdbc.driver.DmdbConnection.openConnection(SourceFile:693)
	at dm.jdbc.internal.conf.EP.connect(SourceFile:143)
	at dm.jdbc.internal.conf.EPGroup$EPSelector.select(SourceFile:501)
	at dm.jdbc.internal.conf.EPGroup.connect(SourceFile:345)
	at dm.jdbc.driver.DmDriver.do_connect(SourceFile:164)
	at dm.jdbc.driver.DmDriver.connect(SourceFile:450)
	at com.alibaba.druid.filter.FilterChainImpl.connection_connect(FilterChainImpl.java:148)
	at com.alibaba.druid.filter.FilterAdapter.connection_connect(FilterAdapter.java:785)
	at com.alibaba.druid.filter.FilterChainImpl.connection_connect(FilterChainImpl.java:142)
	at com.alibaba.druid.pool.DruidAbstractDataSource.createPhysicalConnection(DruidAbstractDataSource.java:1463)
	at com.alibaba.druid.pool.DruidAbstractDataSource.createPhysicalConnection(DruidAbstractDataSource.java:1525)
	at com.alibaba.druid.pool.DruidDataSource$CreateConnectionThread.run(DruidDataSource.java:2100)
Caused by: java.net.SocketException: Host is down
	at java.base/sun.nio.ch.Net.connect0(Native Method)
	at java.base/sun.nio.ch.Net.connect(Net.java:579)
	at java.base/sun.nio.ch.Net.connect(Net.java:568)
	at java.base/sun.nio.ch.NioSocketImpl.connect(NioSocketImpl.java:588)
	at java.base/java.net.SocksSocketImpl.connect(SocksSocketImpl.java:327)
	at java.base/java.net.Socket.connect(Socket.java:633)
	at dm.jdbc.a.c.d(SourceFile:110)
	at dm.jdbc.a.c.b(SourceFile:68)
	at dm.jdbc.a.c.g(SourceFile:1)
	at dm.jdbc.a.a.init(SourceFile:201)
	... 13 more

2025-07-02 23:59:05
[ERROR]-[Thread: Druid-ConnectionPool-Create-1773697361]-[com.alibaba.druid.pool.DruidDataSource$CreateConnectionThread.run()]: create connection error, url: jdbc:dm://192.168.1.6:5236/XLQCERP, errorCode 6001, state 08S01
dm.jdbc.driver.DMException: 网络通信异常
	at dm.jdbc.driver.DBError.throwException(SourceFile:807)
	at dm.jdbc.a.a.init(SourceFile:207)
	at dm.jdbc.a.a.<init>(SourceFile:174)
	at dm.jdbc.driver.DmdbConnection.openConnection(SourceFile:693)
	at dm.jdbc.internal.conf.EP.connect(SourceFile:143)
	at dm.jdbc.internal.conf.EPGroup$EPSelector.select(SourceFile:501)
	at dm.jdbc.internal.conf.EPGroup.connect(SourceFile:345)
	at dm.jdbc.driver.DmDriver.do_connect(SourceFile:164)
	at dm.jdbc.driver.DmDriver.connect(SourceFile:450)
	at com.alibaba.druid.filter.FilterChainImpl.connection_connect(FilterChainImpl.java:148)
	at com.alibaba.druid.filter.FilterAdapter.connection_connect(FilterAdapter.java:785)
	at com.alibaba.druid.filter.FilterChainImpl.connection_connect(FilterChainImpl.java:142)
	at com.alibaba.druid.pool.DruidAbstractDataSource.createPhysicalConnection(DruidAbstractDataSource.java:1463)
	at com.alibaba.druid.pool.DruidAbstractDataSource.createPhysicalConnection(DruidAbstractDataSource.java:1525)
	at com.alibaba.druid.pool.DruidDataSource$CreateConnectionThread.run(DruidDataSource.java:2100)
Caused by: java.net.SocketException: Host is down
	at java.base/sun.nio.ch.Net.connect0(Native Method)
	at java.base/sun.nio.ch.Net.connect(Net.java:579)
	at java.base/sun.nio.ch.Net.connect(Net.java:568)
	at java.base/sun.nio.ch.NioSocketImpl.connect(NioSocketImpl.java:588)
	at java.base/java.net.SocksSocketImpl.connect(SocksSocketImpl.java:327)
	at java.base/java.net.Socket.connect(Socket.java:633)
	at dm.jdbc.a.c.d(SourceFile:110)
	at dm.jdbc.a.c.b(SourceFile:68)
	at dm.jdbc.a.c.g(SourceFile:1)
	at dm.jdbc.a.a.init(SourceFile:201)
	... 13 more

2025-07-02 23:59:05
[ERROR]-[Thread: Druid-ConnectionPool-Create-1773697361]-[com.alibaba.druid.pool.DruidDataSource$CreateConnectionThread.run()]: create connection error, url: jdbc:dm://192.168.1.6:5236/XLQCERP, errorCode 6001, state 08S01
dm.jdbc.driver.DMException: 网络通信异常
	at dm.jdbc.driver.DBError.throwException(SourceFile:807)
	at dm.jdbc.a.a.init(SourceFile:207)
	at dm.jdbc.a.a.<init>(SourceFile:174)
	at dm.jdbc.driver.DmdbConnection.openConnection(SourceFile:693)
	at dm.jdbc.internal.conf.EP.connect(SourceFile:143)
	at dm.jdbc.internal.conf.EPGroup$EPSelector.select(SourceFile:501)
	at dm.jdbc.internal.conf.EPGroup.connect(SourceFile:345)
	at dm.jdbc.driver.DmDriver.do_connect(SourceFile:164)
	at dm.jdbc.driver.DmDriver.connect(SourceFile:450)
	at com.alibaba.druid.filter.FilterChainImpl.connection_connect(FilterChainImpl.java:148)
	at com.alibaba.druid.filter.FilterAdapter.connection_connect(FilterAdapter.java:785)
	at com.alibaba.druid.filter.FilterChainImpl.connection_connect(FilterChainImpl.java:142)
	at com.alibaba.druid.pool.DruidAbstractDataSource.createPhysicalConnection(DruidAbstractDataSource.java:1463)
	at com.alibaba.druid.pool.DruidAbstractDataSource.createPhysicalConnection(DruidAbstractDataSource.java:1525)
	at com.alibaba.druid.pool.DruidDataSource$CreateConnectionThread.run(DruidDataSource.java:2100)
Caused by: java.net.SocketException: Host is down
	at java.base/sun.nio.ch.Net.connect0(Native Method)
	at java.base/sun.nio.ch.Net.connect(Net.java:579)
	at java.base/sun.nio.ch.Net.connect(Net.java:568)
	at java.base/sun.nio.ch.NioSocketImpl.connect(NioSocketImpl.java:588)
	at java.base/java.net.SocksSocketImpl.connect(SocksSocketImpl.java:327)
	at java.base/java.net.Socket.connect(Socket.java:633)
	at dm.jdbc.a.c.d(SourceFile:110)
	at dm.jdbc.a.c.b(SourceFile:68)
	at dm.jdbc.a.c.g(SourceFile:1)
	at dm.jdbc.a.a.init(SourceFile:201)
	... 13 more

2025-07-02 23:59:06
[ERROR]-[Thread: Druid-ConnectionPool-Create-1773697361]-[com.alibaba.druid.pool.DruidDataSource$CreateConnectionThread.run()]: create connection error, url: jdbc:dm://192.168.1.6:5236/XLQCERP, errorCode 6001, state 08S01
dm.jdbc.driver.DMException: 网络通信异常
	at dm.jdbc.driver.DBError.throwException(SourceFile:807)
	at dm.jdbc.a.a.init(SourceFile:207)
	at dm.jdbc.a.a.<init>(SourceFile:174)
	at dm.jdbc.driver.DmdbConnection.openConnection(SourceFile:693)
	at dm.jdbc.internal.conf.EP.connect(SourceFile:143)
	at dm.jdbc.internal.conf.EPGroup$EPSelector.select(SourceFile:501)
	at dm.jdbc.internal.conf.EPGroup.connect(SourceFile:345)
	at dm.jdbc.driver.DmDriver.do_connect(SourceFile:164)
	at dm.jdbc.driver.DmDriver.connect(SourceFile:450)
	at com.alibaba.druid.filter.FilterChainImpl.connection_connect(FilterChainImpl.java:148)
	at com.alibaba.druid.filter.FilterAdapter.connection_connect(FilterAdapter.java:785)
	at com.alibaba.druid.filter.FilterChainImpl.connection_connect(FilterChainImpl.java:142)
	at com.alibaba.druid.pool.DruidAbstractDataSource.createPhysicalConnection(DruidAbstractDataSource.java:1463)
	at com.alibaba.druid.pool.DruidAbstractDataSource.createPhysicalConnection(DruidAbstractDataSource.java:1525)
	at com.alibaba.druid.pool.DruidDataSource$CreateConnectionThread.run(DruidDataSource.java:2100)
Caused by: java.net.SocketException: Host is down
	at java.base/sun.nio.ch.Net.connect0(Native Method)
	at java.base/sun.nio.ch.Net.connect(Net.java:579)
	at java.base/sun.nio.ch.Net.connect(Net.java:568)
	at java.base/sun.nio.ch.NioSocketImpl.connect(NioSocketImpl.java:588)
	at java.base/java.net.SocksSocketImpl.connect(SocksSocketImpl.java:327)
	at java.base/java.net.Socket.connect(Socket.java:633)
	at dm.jdbc.a.c.d(SourceFile:110)
	at dm.jdbc.a.c.b(SourceFile:68)
	at dm.jdbc.a.c.g(SourceFile:1)
	at dm.jdbc.a.a.init(SourceFile:201)
	... 13 more
